[2024-01-28 00:22:02] local.ERROR: Undefined array key "amount" {"userId":6,"exception":"[object] (ErrorException(code: 0): Undefined array key \"amount\" at /Applications/MAMP/htdocs/BookingCore/modules/Booking/Controllers/BookingController.php:697)
[stacktrace]
#0 /Applications/MAMP/htdocs/BookingCore/vendor/laravel/framework/src/Illuminate/Foundation/Bootstrap/HandleExceptions.php(270): Illuminate\\Foundation\\Bootstrap\\HandleExceptions->handleError(2, 'Undefined array...', '/Applications/M...', 697)
#1 /Applications/MAMP/htdocs/BookingCore/modules/Booking/Controllers/BookingController.php(697): Illuminate\\Foundation\\Bootstrap\\HandleExceptions->Illuminate\\Foundation\\Bootstrap\\{closure}(2, 'Undefined array...', '/Applications/M...', 697)
#2 /Applications/MAMP/htdocs/BookingCore/vendor/laravel/framework/src/Illuminate/Routing/Controller.php(54): Modules\\Booking\\Controllers\\BookingController->peachCheckout(Object(Illuminate\\Http\\Request))
#3 /Applications/MAMP/htdocs/BookingCore/vendor/laravel/framework/src/Illuminate/Routing/ControllerDispatcher.php(43): Illuminate\\Routing\\Controller->callAction('peachCheckout', Array)
#4 /Applications/MAMP/htdocs/BookingCore/vendor/laravel/framework/src/Illuminate/Routing/Route.php(260): Illuminate\\Routing\\ControllerDispatcher->dispatch(Object(Illuminate\\Routing\\Route), Object(Modules\\Booking\\Controllers\\BookingController), 'peachCheckout')
#5 /Applications/MAMP/htdocs/BookingCore/vendor/laravel/framework/src/Illuminate/Routing/Route.php(205): Illuminate\\Routing\\Route->runController()
#6 /Applications/MAMP/htdocs/BookingCore/vendor/laravel/framework/src/Illuminate/Routing/Router.php(798): Illuminate\\Routing\\Route->run()
#7 /Applications/MAMP/htdocs/BookingCore/vendor/laravel/framework/src/Illuminate/Pipeline/Pipeline.php(141): Illuminate\\Routing\\Router->Illuminate\\Routing\\{closure}(Object(Illuminate\\Http\\Request))
#8 /Applications/MAMP/htdocs/BookingCore/app/Http/Middleware/RequireChangePassword.php(41): Illuminate\\Pipeline\\Pipeline->Illuminate\\Pipeline\\{closure}(Object(Illuminate\\Http\\Request))
#9 /Applications/MAMP/htdocs/BookingCore/vendor/laravel/framework/src/Illuminate/Pipeline/Pipeline.php(180): App\\Http\\Middleware\\RequireChangePassword->handle(Object(Illuminate\\Http\\Request), Object(Closure))
#10 /Applications/MAMP/htdocs/BookingCore/app/Http/Middleware/SetLanguageForAdmin.php(37): Illuminate\\Pipeline\\Pipeline->Illuminate\\Pipeline\\{closure}(Object(Illuminate\\Http\\Request))
#11 /Applications/MAMP/htdocs/BookingCore/vendor/laravel/framework/src/Illuminate/Pipeline/Pipeline.php(180): App\\Http\\Middleware\\SetLanguageForAdmin->handle(Object(Illuminate\\Http\\Request), Object(Closure))
#12 /Applications/MAMP/htdocs/BookingCore/app/Http/Middleware/SetCurrentCurrency.php(48): Illuminate\\Pipeline\\Pipeline->Illuminate\\Pipeline\\{closure}(Object(Illuminate\\Http\\Request))
#13 /Applications/MAMP/htdocs/BookingCore/vendor/laravel/framework/src/Illuminate/Pipeline/Pipeline.php(180): App\\Http\\Middleware\\SetCurrentCurrency->handle(Object(Illuminate\\Http\\Request), Object(Closure))
#14 /Applications/MAMP/htdocs/BookingCore/app/Http/Middleware/HideDebugbar.php(32): Illuminate\\Pipeline\\Pipeline->Illuminate\\Pipeline\\{closure}(Object(Illuminate\\Http\\Request))
#15 /Applications/MAMP/htdocs/BookingCore/vendor/laravel/framework/src/Illuminate/Pipeline/Pipeline.php(180): App\\Http\\Middleware\\HideDebugbar->handle(Object(Illuminate\\Http\\Request), Object(Closure))
#16 /Applications/MAMP/htdocs/BookingCore/app/Http/Middleware/RedirectForMultiLanguage.php(58): Illuminate\\Pipeline\\Pipeline->Illuminate\\Pipeline\\{closure}(Object(Illuminate\\Http\\Request))
#17 /Applications/MAMP/htdocs/BookingCore/vendor/laravel/framework/src/Illuminate/Pipeline/Pipeline.php(180): App\\Http\\Middleware\\RedirectForMultiLanguage->handle(Object(Illuminate\\Http\\Request), Object(Closure))
#18 /Applications/MAMP/htdocs/BookingCore/vendor/laravel/framework/src/Illuminate/Routing/Middleware/SubstituteBindings.php(50): Illuminate\\Pipeline\\Pipeline->Illuminate\\Pipeline\\{closure}(Object(Illuminate\\Http\\Request))
#19 /Applications/MAMP/htdocs/BookingCore/vendor/laravel/framework/src/Illuminate/Pipeline/Pipeline.php(180): Illuminate\\Routing\\Middleware\\SubstituteBindings->handle(Object(Illuminate\\Http\\Request), Object(Closure))
#20 /Applications/MAMP/htdocs/BookingCore/vendor/laravel/framework/src/Illuminate/Foundation/Http/Middleware/VerifyCsrfToken.php(78): Illuminate\\Pipeline\\Pipeline->Illuminate\\Pipeline\\{closure}(Object(Illuminate\\Http\\Request))
#21 /Applications/MAMP/htdocs/BookingCore/vendor/laravel/framework/src/Illuminate/Pipeline/Pipeline.php(180): Illuminate\\Foundation\\Http\\Middleware\\VerifyCsrfToken->handle(Object(Illuminate\\Http\\Request), Object(Closure))
#22 /Applications/MAMP/htdocs/BookingCore/vendor/laravel/framework/src/Illuminate/View/Middleware/ShareErrorsFromSession.php(49): Illuminate\\Pipeline\\Pipeline->Illuminate\\Pipeline\\{closure}(Object(Illuminate\\Http\\Request))
#23 /Applications/MAMP/htdocs/BookingCore/vendor/laravel/framework/src/Illuminate/Pipeline/Pipeline.php(180): Illuminate\\View\\Middleware\\ShareErrorsFromSession->handle(Object(Illuminate\\Http\\Request), Object(Closure))
#24 /Applications/MAMP/htdocs/BookingCore/vendor/laravel/framework/src/Illuminate/Session/Middleware/StartSession.php(121): Illuminate\\Pipeline\\Pipeline->Illuminate\\Pipeline\\{closure}(Object(Illuminate\\Http\\Request))
#25 /Applications/MAMP/htdocs/BookingCore/vendor/laravel/framework/src/Illuminate/Session/Middleware/StartSession.php(64): Illuminate\\Session\\Middleware\\StartSession->handleStatefulRequest(Object(Illuminate\\Http\\Request), Object(Illuminate\\Session\\Store), Object(Closure))
#26 /Applications/MAMP/htdocs/BookingCore/vendor/laravel/framework/src/Illuminate/Pipeline/Pipeline.php(180): Illuminate\\Session\\Middleware\\StartSession->handle(Object(Illuminate\\Http\\Request), Object(Closure))
#27 /Applications/MAMP/htdocs/BookingCore/vendor/laravel/framework/src/Illuminate/Cookie/Middleware/AddQueuedCookiesToResponse.php(37): Illuminate\\Pipeline\\Pipeline->Illuminate\\Pipeline\\{closure}(Object(Illuminate\\Http\\Request))
#28 /Applications/MAMP/htdocs/BookingCore/vendor/laravel/framework/src/Illuminate/Pipeline/Pipeline.php(180): Illuminate\\Cookie\\Middleware\\AddQueuedCookiesToResponse->handle(Object(Illuminate\\Http\\Request), Object(Closure))
#29 /Applications/MAMP/htdocs/BookingCore/vendor/laravel/framework/src/Illuminate/Cookie/Middleware/EncryptCookies.php(67): Illuminate\\Pipeline\\Pipeline->Illuminate\\Pipeline\\{closure}(Object(Illuminate\\Http\\Request))
#30 /Applications/MAMP/htdocs/BookingCore/vendor/laravel/framework/src/Illuminate/Pipeline/Pipeline.php(180): Illuminate\\Cookie\\Middleware\\EncryptCookies->handle(Object(Illuminate\\Http\\Request), Object(Closure))
#31 /Applications/MAMP/htdocs/BookingCore/vendor/laravel/framework/src/Illuminate/Pipeline/Pipeline.php(116): Illuminate\\Pipeline\\Pipeline->Illuminate\\Pipeline\\{closure}(Object(Illuminate\\Http\\Request))
#32 /Applications/MAMP/htdocs/BookingCore/vendor/laravel/framework/src/Illuminate/Routing/Router.php(799): Illuminate\\Pipeline\\Pipeline->then(Object(Closure))
#33 /Applications/MAMP/htdocs/BookingCore/vendor/laravel/framework/src/Illuminate/Routing/Router.php(776): Illuminate\\Routing\\Router->runRouteWithinStack(Object(Illuminate\\Routing\\Route), Object(Illuminate\\Http\\Request))
#34 /Applications/MAMP/htdocs/BookingCore/vendor/laravel/framework/src/Illuminate/Routing/Router.php(740): Illuminate\\Routing\\Router->runRoute(Object(Illuminate\\Http\\Request), Object(Illuminate\\Routing\\Route))
#35 /Applications/MAMP/htdocs/BookingCore/vendor/laravel/framework/src/Illuminate/Routing/Router.php(729): Illuminate\\Routing\\Router->dispatchToRoute(Object(Illuminate\\Http\\Request))
#36 /Applications/MAMP/htdocs/BookingCore/vendor/laravel/framework/src/Illuminate/Foundation/Http/Kernel.php(190): Illuminate\\Routing\\Router->dispatch(Object(Illuminate\\Http\\Request))
#37 /Applications/MAMP/htdocs/BookingCore/vendor/laravel/framework/src/Illuminate/Pipeline/Pipeline.php(141): Illuminate\\Foundation\\Http\\Kernel->Illuminate\\Foundation\\Http\\{closure}(Object(Illuminate\\Http\\Request))
#38 /Applications/MAMP/htdocs/BookingCore/themes/Base/Core/Middleware/RunUpdater.php(76): Illuminate\\Pipeline\\Pipeline->Illuminate\\Pipeline\\{closure}(Object(Illuminate\\Http\\Request))
#39 /Applications/MAMP/htdocs/BookingCore/vendor/laravel/framework/src/Illuminate/Pipeline/Pipeline.php(180): Themes\\Base\\Core\\Middleware\\RunUpdater->handle(Object(Illuminate\\Http\\Request), Object(Closure))
#40 /Applications/MAMP/htdocs/BookingCore/vendor/barryvdh/laravel-debugbar/src/Middleware/InjectDebugbar.php(66): Illuminate\\Pipeline\\Pipeline->Illuminate\\Pipeline\\{closure}(Object(Illuminate\\Http\\Request))
#41 /Applications/MAMP/htdocs/BookingCore/vendor/laravel/framework/src/Illuminate/Pipeline/Pipeline.php(180): Barryvdh\\Debugbar\\Middleware\\InjectDebugbar->handle(Object(Illuminate\\Http\\Request), Object(Closure))
#42 /Applications/MAMP/htdocs/BookingCore/vendor/laravel/framework/src/Illuminate/Foundation/Http/Middleware/TransformsRequest.php(21): Illuminate\\Pipeline\\Pipeline->Illuminate\\Pipeline\\{closure}(Object(Illuminate\\Http\\Request))
#43 /Applications/MAMP/htdocs/BookingCore/vendor/laravel/framework/src/Illuminate/Foundation/Http/Middleware/ConvertEmptyStringsToNull.php(31): Illuminate\\Foundation\\Http\\Middleware\\TransformsRequest->handle(Object(Illuminate\\Http\\Request), Object(Closure))
#44 /Applications/MAMP/htdocs/BookingCore/vendor/laravel/framework/src/Illuminate/Pipeline/Pipeline.php(180): Illuminate\\Foundation\\Http\\Middleware\\ConvertEmptyStringsToNull->handle(Object(Illuminate\\Http\\Request), Object(Closure))
#45 /Applications/MAMP/htdocs/BookingCore/vendor/laravel/framework/src/Illuminate/Foundation/Http/Middleware/TransformsRequest.php(21): Illuminate\\Pipeline\\Pipeline->Illuminate\\Pipeline\\{closure}(Object(Illuminate\\Http\\Request))
#46 /Applications/MAMP/htdocs/BookingCore/vendor/laravel/framework/src/Illuminate/Foundation/Http/Middleware/TrimStrings.php(40): Illuminate\\Foundation\\Http\\Middleware\\TransformsRequest->handle(Object(Illuminate\\Http\\Request), Object(Closure))
#47 /Applications/MAMP/htdocs/BookingCore/vendor/laravel/framework/src/Illuminate/Pipeline/Pipeline.php(180): Illuminate\\Foundation\\Http\\Middleware\\TrimStrings->handle(Object(Illuminate\\Http\\Request), Object(Closure))
#48 /Applications/MAMP/htdocs/BookingCore/vendor/laravel/framework/src/Illuminate/Foundation/Http/Middleware/ValidatePostSize.php(27): Illuminate\\Pipeline\\Pipeline->Illuminate\\Pipeline\\{closure}(Object(Illuminate\\Http\\Request))
#49 /Applications/MAMP/htdocs/BookingCore/vendor/laravel/framework/src/Illuminate/Pipeline/Pipeline.php(180): Illuminate\\Foundation\\Http\\Middleware\\ValidatePostSize->handle(Object(Illuminate\\Http\\Request), Object(Closure))
#50 /Applications/MAMP/htdocs/BookingCore/vendor/laravel/framework/src/Illuminate/Foundation/Http/Middleware/PreventRequestsDuringMaintenance.php(86): Illuminate\\Pipeline\\Pipeline->Illuminate\\Pipeline\\{closure}(Object(Illuminate\\Http\\Request))
#51 /Applications/MAMP/htdocs/BookingCore/vendor/laravel/framework/src/Illuminate/Pipeline/Pipeline.php(180): Illuminate\\Foundation\\Http\\Middleware\\PreventRequestsDuringMaintenance->handle(Object(Illuminate\\Http\\Request), Object(Closure))
#52 /Applications/MAMP/htdocs/BookingCore/vendor/laravel/framework/src/Illuminate/Http/Middleware/HandleCors.php(49): Illuminate\\Pipeline\\Pipeline->Illuminate\\Pipeline\\{closure}(Object(Illuminate\\Http\\Request))
#53 /Applications/MAMP/htdocs/BookingCore/vendor/laravel/framework/src/Illuminate/Pipeline/Pipeline.php(180): Illuminate\\Http\\Middleware\\HandleCors->handle(Object(Illuminate\\Http\\Request), Object(Closure))
#54 /Applications/MAMP/htdocs/BookingCore/app/Http/Middleware/RedirectToInstaller.php(40): Illuminate\\Pipeline\\Pipeline->Illuminate\\Pipeline\\{closure}(Object(Illuminate\\Http\\Request))
#55 /Applications/MAMP/htdocs/BookingCore/vendor/laravel/framework/src/Illuminate/Pipeline/Pipeline.php(180): App\\Http\\Middleware\\RedirectToInstaller->handle(Object(Illuminate\\Http\\Request), Object(Closure))
#56 /Applications/MAMP/htdocs/BookingCore/vendor/laravel/framework/src/Illuminate/Http/Middleware/TrustProxies.php(39): Illuminate\\Pipeline\\Pipeline->Illuminate\\Pipeline\\{closure}(Object(Illuminate\\Http\\Request))
#57 /Applications/MAMP/htdocs/BookingCore/vendor/laravel/framework/src/Illuminate/Pipeline/Pipeline.php(180): Illuminate\\Http\\Middleware\\TrustProxies->handle(Object(Illuminate\\Http\\Request), Object(Closure))
#58 /Applications/MAMP/htdocs/BookingCore/vendor/laravel/framework/src/Illuminate/Pipeline/Pipeline.php(116): Illuminate\\Pipeline\\Pipeline->Illuminate\\Pipeline\\{closure}(Object(Illuminate\\Http\\Request))
#59 /Applications/MAMP/htdocs/BookingCore/vendor/laravel/framework/src/Illuminate/Foundation/Http/Kernel.php(165): Illuminate\\Pipeline\\Pipeline->then(Object(Closure))
#60 /Applications/MAMP/htdocs/BookingCore/vendor/laravel/framework/src/Illuminate/Foundation/Http/Kernel.php(134): Illuminate\\Foundation\\Http\\Kernel->sendRequestThroughRouter(Object(Illuminate\\Http\\Request))
#61 /Applications/MAMP/htdocs/BookingCore/public/index.php(75): Illuminate\\Foundation\\Http\\Kernel->handle(Object(Illuminate\\Http\\Request))
#62 /Applications/MAMP/htdocs/BookingCore/server.php(21): require_once('/Applications/M...')
#63 {main}
"} 
[2024-01-28 00:35:51] local.ERROR: Undefined array key "amount" {"userId":6,"exception":"[object] (ErrorException(code: 0): Undefined array key \"amount\" at /Applications/MAMP/htdocs/BookingCore/modules/Booking/Controllers/BookingController.php:697)
[stacktrace]
#0 /Applications/MAMP/htdocs/BookingCore/vendor/laravel/framework/src/Illuminate/Foundation/Bootstrap/HandleExceptions.php(270): Illuminate\\Foundation\\Bootstrap\\HandleExceptions->handleError(2, 'Undefined array...', '/Applications/M...', 697)
#1 /Applications/MAMP/htdocs/BookingCore/modules/Booking/Controllers/BookingController.php(697): Illuminate\\Foundation\\Bootstrap\\HandleExceptions->Illuminate\\Foundation\\Bootstrap\\{closure}(2, 'Undefined array...', '/Applications/M...', 697)
#2 /Applications/MAMP/htdocs/BookingCore/vendor/laravel/framework/src/Illuminate/Routing/Controller.php(54): Modules\\Booking\\Controllers\\BookingController->peachCheckout(Object(Illuminate\\Http\\Request))
#3 /Applications/MAMP/htdocs/BookingCore/vendor/laravel/framework/src/Illuminate/Routing/ControllerDispatcher.php(43): Illuminate\\Routing\\Controller->callAction('peachCheckout', Array)
#4 /Applications/MAMP/htdocs/BookingCore/vendor/laravel/framework/src/Illuminate/Routing/Route.php(260): Illuminate\\Routing\\ControllerDispatcher->dispatch(Object(Illuminate\\Routing\\Route), Object(Modules\\Booking\\Controllers\\BookingController), 'peachCheckout')
#5 /Applications/MAMP/htdocs/BookingCore/vendor/laravel/framework/src/Illuminate/Routing/Route.php(205): Illuminate\\Routing\\Route->runController()
#6 /Applications/MAMP/htdocs/BookingCore/vendor/laravel/framework/src/Illuminate/Routing/Router.php(798): Illuminate\\Routing\\Route->run()
#7 /Applications/MAMP/htdocs/BookingCore/vendor/laravel/framework/src/Illuminate/Pipeline/Pipeline.php(141): Illuminate\\Routing\\Router->Illuminate\\Routing\\{closure}(Object(Illuminate\\Http\\Request))
#8 /Applications/MAMP/htdocs/BookingCore/app/Http/Middleware/RequireChangePassword.php(41): Illuminate\\Pipeline\\Pipeline->Illuminate\\Pipeline\\{closure}(Object(Illuminate\\Http\\Request))
#9 /Applications/MAMP/htdocs/BookingCore/vendor/laravel/framework/src/Illuminate/Pipeline/Pipeline.php(180): App\\Http\\Middleware\\RequireChangePassword->handle(Object(Illuminate\\Http\\Request), Object(Closure))
#10 /Applications/MAMP/htdocs/BookingCore/app/Http/Middleware/SetLanguageForAdmin.php(37): Illuminate\\Pipeline\\Pipeline->Illuminate\\Pipeline\\{closure}(Object(Illuminate\\Http\\Request))
#11 /Applications/MAMP/htdocs/BookingCore/vendor/laravel/framework/src/Illuminate/Pipeline/Pipeline.php(180): App\\Http\\Middleware\\SetLanguageForAdmin->handle(Object(Illuminate\\Http\\Request), Object(Closure))
#12 /Applications/MAMP/htdocs/BookingCore/app/Http/Middleware/SetCurrentCurrency.php(48): Illuminate\\Pipeline\\Pipeline->Illuminate\\Pipeline\\{closure}(Object(Illuminate\\Http\\Request))
#13 /Applications/MAMP/htdocs/BookingCore/vendor/laravel/framework/src/Illuminate/Pipeline/Pipeline.php(180): App\\Http\\Middleware\\SetCurrentCurrency->handle(Object(Illuminate\\Http\\Request), Object(Closure))
#14 /Applications/MAMP/htdocs/BookingCore/app/Http/Middleware/HideDebugbar.php(32): Illuminate\\Pipeline\\Pipeline->Illuminate\\Pipeline\\{closure}(Object(Illuminate\\Http\\Request))
#15 /Applications/MAMP/htdocs/BookingCore/vendor/laravel/framework/src/Illuminate/Pipeline/Pipeline.php(180): App\\Http\\Middleware\\HideDebugbar->handle(Object(Illuminate\\Http\\Request), Object(Closure))
#16 /Applications/MAMP/htdocs/BookingCore/app/Http/Middleware/RedirectForMultiLanguage.php(58): Illuminate\\Pipeline\\Pipeline->Illuminate\\Pipeline\\{closure}(Object(Illuminate\\Http\\Request))
#17 /Applications/MAMP/htdocs/BookingCore/vendor/laravel/framework/src/Illuminate/Pipeline/Pipeline.php(180): App\\Http\\Middleware\\RedirectForMultiLanguage->handle(Object(Illuminate\\Http\\Request), Object(Closure))
#18 /Applications/MAMP/htdocs/BookingCore/vendor/laravel/framework/src/Illuminate/Routing/Middleware/SubstituteBindings.php(50): Illuminate\\Pipeline\\Pipeline->Illuminate\\Pipeline\\{closure}(Object(Illuminate\\Http\\Request))
#19 /Applications/MAMP/htdocs/BookingCore/vendor/laravel/framework/src/Illuminate/Pipeline/Pipeline.php(180): Illuminate\\Routing\\Middleware\\SubstituteBindings->handle(Object(Illuminate\\Http\\Request), Object(Closure))
#20 /Applications/MAMP/htdocs/BookingCore/vendor/laravel/framework/src/Illuminate/Foundation/Http/Middleware/VerifyCsrfToken.php(78): Illuminate\\Pipeline\\Pipeline->Illuminate\\Pipeline\\{closure}(Object(Illuminate\\Http\\Request))
#21 /Applications/MAMP/htdocs/BookingCore/vendor/laravel/framework/src/Illuminate/Pipeline/Pipeline.php(180): Illuminate\\Foundation\\Http\\Middleware\\VerifyCsrfToken->handle(Object(Illuminate\\Http\\Request), Object(Closure))
#22 /Applications/MAMP/htdocs/BookingCore/vendor/laravel/framework/src/Illuminate/View/Middleware/ShareErrorsFromSession.php(49): Illuminate\\Pipeline\\Pipeline->Illuminate\\Pipeline\\{closure}(Object(Illuminate\\Http\\Request))
#23 /Applications/MAMP/htdocs/BookingCore/vendor/laravel/framework/src/Illuminate/Pipeline/Pipeline.php(180): Illuminate\\View\\Middleware\\ShareErrorsFromSession->handle(Object(Illuminate\\Http\\Request), Object(Closure))
#24 /Applications/MAMP/htdocs/BookingCore/vendor/laravel/framework/src/Illuminate/Session/Middleware/StartSession.php(121): Illuminate\\Pipeline\\Pipeline->Illuminate\\Pipeline\\{closure}(Object(Illuminate\\Http\\Request))
#25 /Applications/MAMP/htdocs/BookingCore/vendor/laravel/framework/src/Illuminate/Session/Middleware/StartSession.php(64): Illuminate\\Session\\Middleware\\StartSession->handleStatefulRequest(Object(Illuminate\\Http\\Request), Object(Illuminate\\Session\\Store), Object(Closure))
#26 /Applications/MAMP/htdocs/BookingCore/vendor/laravel/framework/src/Illuminate/Pipeline/Pipeline.php(180): Illuminate\\Session\\Middleware\\StartSession->handle(Object(Illuminate\\Http\\Request), Object(Closure))
#27 /Applications/MAMP/htdocs/BookingCore/vendor/laravel/framework/src/Illuminate/Cookie/Middleware/AddQueuedCookiesToResponse.php(37): Illuminate\\Pipeline\\Pipeline->Illuminate\\Pipeline\\{closure}(Object(Illuminate\\Http\\Request))
#28 /Applications/MAMP/htdocs/BookingCore/vendor/laravel/framework/src/Illuminate/Pipeline/Pipeline.php(180): Illuminate\\Cookie\\Middleware\\AddQueuedCookiesToResponse->handle(Object(Illuminate\\Http\\Request), Object(Closure))
#29 /Applications/MAMP/htdocs/BookingCore/vendor/laravel/framework/src/Illuminate/Cookie/Middleware/EncryptCookies.php(67): Illuminate\\Pipeline\\Pipeline->Illuminate\\Pipeline\\{closure}(Object(Illuminate\\Http\\Request))
#30 /Applications/MAMP/htdocs/BookingCore/vendor/laravel/framework/src/Illuminate/Pipeline/Pipeline.php(180): Illuminate\\Cookie\\Middleware\\EncryptCookies->handle(Object(Illuminate\\Http\\Request), Object(Closure))
#31 /Applications/MAMP/htdocs/BookingCore/vendor/laravel/framework/src/Illuminate/Pipeline/Pipeline.php(116): Illuminate\\Pipeline\\Pipeline->Illuminate\\Pipeline\\{closure}(Object(Illuminate\\Http\\Request))
#32 /Applications/MAMP/htdocs/BookingCore/vendor/laravel/framework/src/Illuminate/Routing/Router.php(799): Illuminate\\Pipeline\\Pipeline->then(Object(Closure))
#33 /Applications/MAMP/htdocs/BookingCore/vendor/laravel/framework/src/Illuminate/Routing/Router.php(776): Illuminate\\Routing\\Router->runRouteWithinStack(Object(Illuminate\\Routing\\Route), Object(Illuminate\\Http\\Request))
#34 /Applications/MAMP/htdocs/BookingCore/vendor/laravel/framework/src/Illuminate/Routing/Router.php(740): Illuminate\\Routing\\Router->runRoute(Object(Illuminate\\Http\\Request), Object(Illuminate\\Routing\\Route))
#35 /Applications/MAMP/htdocs/BookingCore/vendor/laravel/framework/src/Illuminate/Routing/Router.php(729): Illuminate\\Routing\\Router->dispatchToRoute(Object(Illuminate\\Http\\Request))
#36 /Applications/MAMP/htdocs/BookingCore/vendor/laravel/framework/src/Illuminate/Foundation/Http/Kernel.php(190): Illuminate\\Routing\\Router->dispatch(Object(Illuminate\\Http\\Request))
#37 /Applications/MAMP/htdocs/BookingCore/vendor/laravel/framework/src/Illuminate/Pipeline/Pipeline.php(141): Illuminate\\Foundation\\Http\\Kernel->Illuminate\\Foundation\\Http\\{closure}(Object(Illuminate\\Http\\Request))
#38 /Applications/MAMP/htdocs/BookingCore/themes/Base/Core/Middleware/RunUpdater.php(76): Illuminate\\Pipeline\\Pipeline->Illuminate\\Pipeline\\{closure}(Object(Illuminate\\Http\\Request))
#39 /Applications/MAMP/htdocs/BookingCore/vendor/laravel/framework/src/Illuminate/Pipeline/Pipeline.php(180): Themes\\Base\\Core\\Middleware\\RunUpdater->handle(Object(Illuminate\\Http\\Request), Object(Closure))
#40 /Applications/MAMP/htdocs/BookingCore/vendor/barryvdh/laravel-debugbar/src/Middleware/InjectDebugbar.php(66): Illuminate\\Pipeline\\Pipeline->Illuminate\\Pipeline\\{closure}(Object(Illuminate\\Http\\Request))
#41 /Applications/MAMP/htdocs/BookingCore/vendor/laravel/framework/src/Illuminate/Pipeline/Pipeline.php(180): Barryvdh\\Debugbar\\Middleware\\InjectDebugbar->handle(Object(Illuminate\\Http\\Request), Object(Closure))
#42 /Applications/MAMP/htdocs/BookingCore/vendor/laravel/framework/src/Illuminate/Foundation/Http/Middleware/TransformsRequest.php(21): Illuminate\\Pipeline\\Pipeline->Illuminate\\Pipeline\\{closure}(Object(Illuminate\\Http\\Request))
#43 /Applications/MAMP/htdocs/BookingCore/vendor/laravel/framework/src/Illuminate/Foundation/Http/Middleware/ConvertEmptyStringsToNull.php(31): Illuminate\\Foundation\\Http\\Middleware\\TransformsRequest->handle(Object(Illuminate\\Http\\Request), Object(Closure))
#44 /Applications/MAMP/htdocs/BookingCore/vendor/laravel/framework/src/Illuminate/Pipeline/Pipeline.php(180): Illuminate\\Foundation\\Http\\Middleware\\ConvertEmptyStringsToNull->handle(Object(Illuminate\\Http\\Request), Object(Closure))
#45 /Applications/MAMP/htdocs/BookingCore/vendor/laravel/framework/src/Illuminate/Foundation/Http/Middleware/TransformsRequest.php(21): Illuminate\\Pipeline\\Pipeline->Illuminate\\Pipeline\\{closure}(Object(Illuminate\\Http\\Request))
#46 /Applications/MAMP/htdocs/BookingCore/vendor/laravel/framework/src/Illuminate/Foundation/Http/Middleware/TrimStrings.php(40): Illuminate\\Foundation\\Http\\Middleware\\TransformsRequest->handle(Object(Illuminate\\Http\\Request), Object(Closure))
#47 /Applications/MAMP/htdocs/BookingCore/vendor/laravel/framework/src/Illuminate/Pipeline/Pipeline.php(180): Illuminate\\Foundation\\Http\\Middleware\\TrimStrings->handle(Object(Illuminate\\Http\\Request), Object(Closure))
#48 /Applications/MAMP/htdocs/BookingCore/vendor/laravel/framework/src/Illuminate/Foundation/Http/Middleware/ValidatePostSize.php(27): Illuminate\\Pipeline\\Pipeline->Illuminate\\Pipeline\\{closure}(Object(Illuminate\\Http\\Request))
#49 /Applications/MAMP/htdocs/BookingCore/vendor/laravel/framework/src/Illuminate/Pipeline/Pipeline.php(180): Illuminate\\Foundation\\Http\\Middleware\\ValidatePostSize->handle(Object(Illuminate\\Http\\Request), Object(Closure))
#50 /Applications/MAMP/htdocs/BookingCore/vendor/laravel/framework/src/Illuminate/Foundation/Http/Middleware/PreventRequestsDuringMaintenance.php(86): Illuminate\\Pipeline\\Pipeline->Illuminate\\Pipeline\\{closure}(Object(Illuminate\\Http\\Request))
#51 /Applications/MAMP/htdocs/BookingCore/vendor/laravel/framework/src/Illuminate/Pipeline/Pipeline.php(180): Illuminate\\Foundation\\Http\\Middleware\\PreventRequestsDuringMaintenance->handle(Object(Illuminate\\Http\\Request), Object(Closure))
#52 /Applications/MAMP/htdocs/BookingCore/vendor/laravel/framework/src/Illuminate/Http/Middleware/HandleCors.php(49): Illuminate\\Pipeline\\Pipeline->Illuminate\\Pipeline\\{closure}(Object(Illuminate\\Http\\Request))
#53 /Applications/MAMP/htdocs/BookingCore/vendor/laravel/framework/src/Illuminate/Pipeline/Pipeline.php(180): Illuminate\\Http\\Middleware\\HandleCors->handle(Object(Illuminate\\Http\\Request), Object(Closure))
#54 /Applications/MAMP/htdocs/BookingCore/app/Http/Middleware/RedirectToInstaller.php(40): Illuminate\\Pipeline\\Pipeline->Illuminate\\Pipeline\\{closure}(Object(Illuminate\\Http\\Request))
#55 /Applications/MAMP/htdocs/BookingCore/vendor/laravel/framework/src/Illuminate/Pipeline/Pipeline.php(180): App\\Http\\Middleware\\RedirectToInstaller->handle(Object(Illuminate\\Http\\Request), Object(Closure))
#56 /Applications/MAMP/htdocs/BookingCore/vendor/laravel/framework/src/Illuminate/Http/Middleware/TrustProxies.php(39): Illuminate\\Pipeline\\Pipeline->Illuminate\\Pipeline\\{closure}(Object(Illuminate\\Http\\Request))
#57 /Applications/MAMP/htdocs/BookingCore/vendor/laravel/framework/src/Illuminate/Pipeline/Pipeline.php(180): Illuminate\\Http\\Middleware\\TrustProxies->handle(Object(Illuminate\\Http\\Request), Object(Closure))
#58 /Applications/MAMP/htdocs/BookingCore/vendor/laravel/framework/src/Illuminate/Pipeline/Pipeline.php(116): Illuminate\\Pipeline\\Pipeline->Illuminate\\Pipeline\\{closure}(Object(Illuminate\\Http\\Request))
#59 /Applications/MAMP/htdocs/BookingCore/vendor/laravel/framework/src/Illuminate/Foundation/Http/Kernel.php(165): Illuminate\\Pipeline\\Pipeline->then(Object(Closure))
#60 /Applications/MAMP/htdocs/BookingCore/vendor/laravel/framework/src/Illuminate/Foundation/Http/Kernel.php(134): Illuminate\\Foundation\\Http\\Kernel->sendRequestThroughRouter(Object(Illuminate\\Http\\Request))
#61 /Applications/MAMP/htdocs/BookingCore/public/index.php(75): Illuminate\\Foundation\\Http\\Kernel->handle(Object(Illuminate\\Http\\Request))
#62 /Applications/MAMP/htdocs/BookingCore/server.php(21): require_once('/Applications/M...')
#63 {main}
"} 
[2024-01-28 00:36:28] local.ERROR: Undefined variable $return_url {"userId":6,"exception":"[object] (ErrorException(code: 0): Undefined variable $return_url at /Applications/MAMP/htdocs/BookingCore/modules/Booking/Controllers/BookingController.php:700)
[stacktrace]
#0 /Applications/MAMP/htdocs/BookingCore/vendor/laravel/framework/src/Illuminate/Foundation/Bootstrap/HandleExceptions.php(270): Illuminate\\Foundation\\Bootstrap\\HandleExceptions->handleError(2, 'Undefined varia...', '/Applications/M...', 700)
#1 /Applications/MAMP/htdocs/BookingCore/modules/Booking/Controllers/BookingController.php(700): Illuminate\\Foundation\\Bootstrap\\HandleExceptions->Illuminate\\Foundation\\Bootstrap\\{closure}(2, 'Undefined varia...', '/Applications/M...', 700)
#2 /Applications/MAMP/htdocs/BookingCore/vendor/laravel/framework/src/Illuminate/Routing/Controller.php(54): Modules\\Booking\\Controllers\\BookingController->peachCheckout(Object(Illuminate\\Http\\Request))
#3 /Applications/MAMP/htdocs/BookingCore/vendor/laravel/framework/src/Illuminate/Routing/ControllerDispatcher.php(43): Illuminate\\Routing\\Controller->callAction('peachCheckout', Array)
#4 /Applications/MAMP/htdocs/BookingCore/vendor/laravel/framework/src/Illuminate/Routing/Route.php(260): Illuminate\\Routing\\ControllerDispatcher->dispatch(Object(Illuminate\\Routing\\Route), Object(Modules\\Booking\\Controllers\\BookingController), 'peachCheckout')
#5 /Applications/MAMP/htdocs/BookingCore/vendor/laravel/framework/src/Illuminate/Routing/Route.php(205): Illuminate\\Routing\\Route->runController()
#6 /Applications/MAMP/htdocs/BookingCore/vendor/laravel/framework/src/Illuminate/Routing/Router.php(798): Illuminate\\Routing\\Route->run()
#7 /Applications/MAMP/htdocs/BookingCore/vendor/laravel/framework/src/Illuminate/Pipeline/Pipeline.php(141): Illuminate\\Routing\\Router->Illuminate\\Routing\\{closure}(Object(Illuminate\\Http\\Request))
#8 /Applications/MAMP/htdocs/BookingCore/app/Http/Middleware/RequireChangePassword.php(41): Illuminate\\Pipeline\\Pipeline->Illuminate\\Pipeline\\{closure}(Object(Illuminate\\Http\\Request))
#9 /Applications/MAMP/htdocs/BookingCore/vendor/laravel/framework/src/Illuminate/Pipeline/Pipeline.php(180): App\\Http\\Middleware\\RequireChangePassword->handle(Object(Illuminate\\Http\\Request), Object(Closure))
#10 /Applications/MAMP/htdocs/BookingCore/app/Http/Middleware/SetLanguageForAdmin.php(37): Illuminate\\Pipeline\\Pipeline->Illuminate\\Pipeline\\{closure}(Object(Illuminate\\Http\\Request))
#11 /Applications/MAMP/htdocs/BookingCore/vendor/laravel/framework/src/Illuminate/Pipeline/Pipeline.php(180): App\\Http\\Middleware\\SetLanguageForAdmin->handle(Object(Illuminate\\Http\\Request), Object(Closure))
#12 /Applications/MAMP/htdocs/BookingCore/app/Http/Middleware/SetCurrentCurrency.php(48): Illuminate\\Pipeline\\Pipeline->Illuminate\\Pipeline\\{closure}(Object(Illuminate\\Http\\Request))
#13 /Applications/MAMP/htdocs/BookingCore/vendor/laravel/framework/src/Illuminate/Pipeline/Pipeline.php(180): App\\Http\\Middleware\\SetCurrentCurrency->handle(Object(Illuminate\\Http\\Request), Object(Closure))
#14 /Applications/MAMP/htdocs/BookingCore/app/Http/Middleware/HideDebugbar.php(32): Illuminate\\Pipeline\\Pipeline->Illuminate\\Pipeline\\{closure}(Object(Illuminate\\Http\\Request))
#15 /Applications/MAMP/htdocs/BookingCore/vendor/laravel/framework/src/Illuminate/Pipeline/Pipeline.php(180): App\\Http\\Middleware\\HideDebugbar->handle(Object(Illuminate\\Http\\Request), Object(Closure))
#16 /Applications/MAMP/htdocs/BookingCore/app/Http/Middleware/RedirectForMultiLanguage.php(58): Illuminate\\Pipeline\\Pipeline->Illuminate\\Pipeline\\{closure}(Object(Illuminate\\Http\\Request))
#17 /Applications/MAMP/htdocs/BookingCore/vendor/laravel/framework/src/Illuminate/Pipeline/Pipeline.php(180): App\\Http\\Middleware\\RedirectForMultiLanguage->handle(Object(Illuminate\\Http\\Request), Object(Closure))
#18 /Applications/MAMP/htdocs/BookingCore/vendor/laravel/framework/src/Illuminate/Routing/Middleware/SubstituteBindings.php(50): Illuminate\\Pipeline\\Pipeline->Illuminate\\Pipeline\\{closure}(Object(Illuminate\\Http\\Request))
#19 /Applications/MAMP/htdocs/BookingCore/vendor/laravel/framework/src/Illuminate/Pipeline/Pipeline.php(180): Illuminate\\Routing\\Middleware\\SubstituteBindings->handle(Object(Illuminate\\Http\\Request), Object(Closure))
#20 /Applications/MAMP/htdocs/BookingCore/vendor/laravel/framework/src/Illuminate/Foundation/Http/Middleware/VerifyCsrfToken.php(78): Illuminate\\Pipeline\\Pipeline->Illuminate\\Pipeline\\{closure}(Object(Illuminate\\Http\\Request))
#21 /Applications/MAMP/htdocs/BookingCore/vendor/laravel/framework/src/Illuminate/Pipeline/Pipeline.php(180): Illuminate\\Foundation\\Http\\Middleware\\VerifyCsrfToken->handle(Object(Illuminate\\Http\\Request), Object(Closure))
#22 /Applications/MAMP/htdocs/BookingCore/vendor/laravel/framework/src/Illuminate/View/Middleware/ShareErrorsFromSession.php(49): Illuminate\\Pipeline\\Pipeline->Illuminate\\Pipeline\\{closure}(Object(Illuminate\\Http\\Request))
#23 /Applications/MAMP/htdocs/BookingCore/vendor/laravel/framework/src/Illuminate/Pipeline/Pipeline.php(180): Illuminate\\View\\Middleware\\ShareErrorsFromSession->handle(Object(Illuminate\\Http\\Request), Object(Closure))
#24 /Applications/MAMP/htdocs/BookingCore/vendor/laravel/framework/src/Illuminate/Session/Middleware/StartSession.php(121): Illuminate\\Pipeline\\Pipeline->Illuminate\\Pipeline\\{closure}(Object(Illuminate\\Http\\Request))
#25 /Applications/MAMP/htdocs/BookingCore/vendor/laravel/framework/src/Illuminate/Session/Middleware/StartSession.php(64): Illuminate\\Session\\Middleware\\StartSession->handleStatefulRequest(Object(Illuminate\\Http\\Request), Object(Illuminate\\Session\\Store), Object(Closure))
#26 /Applications/MAMP/htdocs/BookingCore/vendor/laravel/framework/src/Illuminate/Pipeline/Pipeline.php(180): Illuminate\\Session\\Middleware\\StartSession->handle(Object(Illuminate\\Http\\Request), Object(Closure))
#27 /Applications/MAMP/htdocs/BookingCore/vendor/laravel/framework/src/Illuminate/Cookie/Middleware/AddQueuedCookiesToResponse.php(37): Illuminate\\Pipeline\\Pipeline->Illuminate\\Pipeline\\{closure}(Object(Illuminate\\Http\\Request))
#28 /Applications/MAMP/htdocs/BookingCore/vendor/laravel/framework/src/Illuminate/Pipeline/Pipeline.php(180): Illuminate\\Cookie\\Middleware\\AddQueuedCookiesToResponse->handle(Object(Illuminate\\Http\\Request), Object(Closure))
#29 /Applications/MAMP/htdocs/BookingCore/vendor/laravel/framework/src/Illuminate/Cookie/Middleware/EncryptCookies.php(67): Illuminate\\Pipeline\\Pipeline->Illuminate\\Pipeline\\{closure}(Object(Illuminate\\Http\\Request))
#30 /Applications/MAMP/htdocs/BookingCore/vendor/laravel/framework/src/Illuminate/Pipeline/Pipeline.php(180): Illuminate\\Cookie\\Middleware\\EncryptCookies->handle(Object(Illuminate\\Http\\Request), Object(Closure))
#31 /Applications/MAMP/htdocs/BookingCore/vendor/laravel/framework/src/Illuminate/Pipeline/Pipeline.php(116): Illuminate\\Pipeline\\Pipeline->Illuminate\\Pipeline\\{closure}(Object(Illuminate\\Http\\Request))
#32 /Applications/MAMP/htdocs/BookingCore/vendor/laravel/framework/src/Illuminate/Routing/Router.php(799): Illuminate\\Pipeline\\Pipeline->then(Object(Closure))
#33 /Applications/MAMP/htdocs/BookingCore/vendor/laravel/framework/src/Illuminate/Routing/Router.php(776): Illuminate\\Routing\\Router->runRouteWithinStack(Object(Illuminate\\Routing\\Route), Object(Illuminate\\Http\\Request))
#34 /Applications/MAMP/htdocs/BookingCore/vendor/laravel/framework/src/Illuminate/Routing/Router.php(740): Illuminate\\Routing\\Router->runRoute(Object(Illuminate\\Http\\Request), Object(Illuminate\\Routing\\Route))
#35 /Applications/MAMP/htdocs/BookingCore/vendor/laravel/framework/src/Illuminate/Routing/Router.php(729): Illuminate\\Routing\\Router->dispatchToRoute(Object(Illuminate\\Http\\Request))
#36 /Applications/MAMP/htdocs/BookingCore/vendor/laravel/framework/src/Illuminate/Foundation/Http/Kernel.php(190): Illuminate\\Routing\\Router->dispatch(Object(Illuminate\\Http\\Request))
#37 /Applications/MAMP/htdocs/BookingCore/vendor/laravel/framework/src/Illuminate/Pipeline/Pipeline.php(141): Illuminate\\Foundation\\Http\\Kernel->Illuminate\\Foundation\\Http\\{closure}(Object(Illuminate\\Http\\Request))
#38 /Applications/MAMP/htdocs/BookingCore/themes/Base/Core/Middleware/RunUpdater.php(76): Illuminate\\Pipeline\\Pipeline->Illuminate\\Pipeline\\{closure}(Object(Illuminate\\Http\\Request))
#39 /Applications/MAMP/htdocs/BookingCore/vendor/laravel/framework/src/Illuminate/Pipeline/Pipeline.php(180): Themes\\Base\\Core\\Middleware\\RunUpdater->handle(Object(Illuminate\\Http\\Request), Object(Closure))
#40 /Applications/MAMP/htdocs/BookingCore/vendor/barryvdh/laravel-debugbar/src/Middleware/InjectDebugbar.php(66): Illuminate\\Pipeline\\Pipeline->Illuminate\\Pipeline\\{closure}(Object(Illuminate\\Http\\Request))
#41 /Applications/MAMP/htdocs/BookingCore/vendor/laravel/framework/src/Illuminate/Pipeline/Pipeline.php(180): Barryvdh\\Debugbar\\Middleware\\InjectDebugbar->handle(Object(Illuminate\\Http\\Request), Object(Closure))
#42 /Applications/MAMP/htdocs/BookingCore/vendor/laravel/framework/src/Illuminate/Foundation/Http/Middleware/TransformsRequest.php(21): Illuminate\\Pipeline\\Pipeline->Illuminate\\Pipeline\\{closure}(Object(Illuminate\\Http\\Request))
#43 /Applications/MAMP/htdocs/BookingCore/vendor/laravel/framework/src/Illuminate/Foundation/Http/Middleware/ConvertEmptyStringsToNull.php(31): Illuminate\\Foundation\\Http\\Middleware\\TransformsRequest->handle(Object(Illuminate\\Http\\Request), Object(Closure))
#44 /Applications/MAMP/htdocs/BookingCore/vendor/laravel/framework/src/Illuminate/Pipeline/Pipeline.php(180): Illuminate\\Foundation\\Http\\Middleware\\ConvertEmptyStringsToNull->handle(Object(Illuminate\\Http\\Request), Object(Closure))
#45 /Applications/MAMP/htdocs/BookingCore/vendor/laravel/framework/src/Illuminate/Foundation/Http/Middleware/TransformsRequest.php(21): Illuminate\\Pipeline\\Pipeline->Illuminate\\Pipeline\\{closure}(Object(Illuminate\\Http\\Request))
#46 /Applications/MAMP/htdocs/BookingCore/vendor/laravel/framework/src/Illuminate/Foundation/Http/Middleware/TrimStrings.php(40): Illuminate\\Foundation\\Http\\Middleware\\TransformsRequest->handle(Object(Illuminate\\Http\\Request), Object(Closure))
#47 /Applications/MAMP/htdocs/BookingCore/vendor/laravel/framework/src/Illuminate/Pipeline/Pipeline.php(180): Illuminate\\Foundation\\Http\\Middleware\\TrimStrings->handle(Object(Illuminate\\Http\\Request), Object(Closure))
#48 /Applications/MAMP/htdocs/BookingCore/vendor/laravel/framework/src/Illuminate/Foundation/Http/Middleware/ValidatePostSize.php(27): Illuminate\\Pipeline\\Pipeline->Illuminate\\Pipeline\\{closure}(Object(Illuminate\\Http\\Request))
#49 /Applications/MAMP/htdocs/BookingCore/vendor/laravel/framework/src/Illuminate/Pipeline/Pipeline.php(180): Illuminate\\Foundation\\Http\\Middleware\\ValidatePostSize->handle(Object(Illuminate\\Http\\Request), Object(Closure))
#50 /Applications/MAMP/htdocs/BookingCore/vendor/laravel/framework/src/Illuminate/Foundation/Http/Middleware/PreventRequestsDuringMaintenance.php(86): Illuminate\\Pipeline\\Pipeline->Illuminate\\Pipeline\\{closure}(Object(Illuminate\\Http\\Request))
#51 /Applications/MAMP/htdocs/BookingCore/vendor/laravel/framework/src/Illuminate/Pipeline/Pipeline.php(180): Illuminate\\Foundation\\Http\\Middleware\\PreventRequestsDuringMaintenance->handle(Object(Illuminate\\Http\\Request), Object(Closure))
#52 /Applications/MAMP/htdocs/BookingCore/vendor/laravel/framework/src/Illuminate/Http/Middleware/HandleCors.php(49): Illuminate\\Pipeline\\Pipeline->Illuminate\\Pipeline\\{closure}(Object(Illuminate\\Http\\Request))
#53 /Applications/MAMP/htdocs/BookingCore/vendor/laravel/framework/src/Illuminate/Pipeline/Pipeline.php(180): Illuminate\\Http\\Middleware\\HandleCors->handle(Object(Illuminate\\Http\\Request), Object(Closure))
#54 /Applications/MAMP/htdocs/BookingCore/app/Http/Middleware/RedirectToInstaller.php(40): Illuminate\\Pipeline\\Pipeline->Illuminate\\Pipeline\\{closure}(Object(Illuminate\\Http\\Request))
#55 /Applications/MAMP/htdocs/BookingCore/vendor/laravel/framework/src/Illuminate/Pipeline/Pipeline.php(180): App\\Http\\Middleware\\RedirectToInstaller->handle(Object(Illuminate\\Http\\Request), Object(Closure))
#56 /Applications/MAMP/htdocs/BookingCore/vendor/laravel/framework/src/Illuminate/Http/Middleware/TrustProxies.php(39): Illuminate\\Pipeline\\Pipeline->Illuminate\\Pipeline\\{closure}(Object(Illuminate\\Http\\Request))
#57 /Applications/MAMP/htdocs/BookingCore/vendor/laravel/framework/src/Illuminate/Pipeline/Pipeline.php(180): Illuminate\\Http\\Middleware\\TrustProxies->handle(Object(Illuminate\\Http\\Request), Object(Closure))
#58 /Applications/MAMP/htdocs/BookingCore/vendor/laravel/framework/src/Illuminate/Pipeline/Pipeline.php(116): Illuminate\\Pipeline\\Pipeline->Illuminate\\Pipeline\\{closure}(Object(Illuminate\\Http\\Request))
#59 /Applications/MAMP/htdocs/BookingCore/vendor/laravel/framework/src/Illuminate/Foundation/Http/Kernel.php(165): Illuminate\\Pipeline\\Pipeline->then(Object(Closure))
#60 /Applications/MAMP/htdocs/BookingCore/vendor/laravel/framework/src/Illuminate/Foundation/Http/Kernel.php(134): Illuminate\\Foundation\\Http\\Kernel->sendRequestThroughRouter(Object(Illuminate\\Http\\Request))
#61 /Applications/MAMP/htdocs/BookingCore/public/index.php(75): Illuminate\\Foundation\\Http\\Kernel->handle(Object(Illuminate\\Http\\Request))
#62 /Applications/MAMP/htdocs/BookingCore/server.php(21): require_once('/Applications/M...')
#63 {main}
"} 
[2024-01-28 00:42:20] local.ERROR: Undefined global variable $_SESSION {"userId":6,"exception":"[object] (ErrorException(code: 0): Undefined global variable $_SESSION at /Applications/MAMP/htdocs/BookingCore/modules/Booking/Controllers/BookingController.php:696)
[stacktrace]
#0 /Applications/MAMP/htdocs/BookingCore/vendor/laravel/framework/src/Illuminate/Foundation/Bootstrap/HandleExceptions.php(270): Illuminate\\Foundation\\Bootstrap\\HandleExceptions->handleError(2, 'Undefined globa...', '/Applications/M...', 696)
#1 /Applications/MAMP/htdocs/BookingCore/modules/Booking/Controllers/BookingController.php(696): Illuminate\\Foundation\\Bootstrap\\HandleExceptions->Illuminate\\Foundation\\Bootstrap\\{closure}(2, 'Undefined globa...', '/Applications/M...', 696)
#2 /Applications/MAMP/htdocs/BookingCore/vendor/laravel/framework/src/Illuminate/Routing/Controller.php(54): Modules\\Booking\\Controllers\\BookingController->peachCheckout(Object(Illuminate\\Http\\Request))
#3 /Applications/MAMP/htdocs/BookingCore/vendor/laravel/framework/src/Illuminate/Routing/ControllerDispatcher.php(43): Illuminate\\Routing\\Controller->callAction('peachCheckout', Array)
#4 /Applications/MAMP/htdocs/BookingCore/vendor/laravel/framework/src/Illuminate/Routing/Route.php(260): Illuminate\\Routing\\ControllerDispatcher->dispatch(Object(Illuminate\\Routing\\Route), Object(Modules\\Booking\\Controllers\\BookingController), 'peachCheckout')
#5 /Applications/MAMP/htdocs/BookingCore/vendor/laravel/framework/src/Illuminate/Routing/Route.php(205): Illuminate\\Routing\\Route->runController()
#6 /Applications/MAMP/htdocs/BookingCore/vendor/laravel/framework/src/Illuminate/Routing/Router.php(798): Illuminate\\Routing\\Route->run()
#7 /Applications/MAMP/htdocs/BookingCore/vendor/laravel/framework/src/Illuminate/Pipeline/Pipeline.php(141): Illuminate\\Routing\\Router->Illuminate\\Routing\\{closure}(Object(Illuminate\\Http\\Request))
#8 /Applications/MAMP/htdocs/BookingCore/app/Http/Middleware/RequireChangePassword.php(41): Illuminate\\Pipeline\\Pipeline->Illuminate\\Pipeline\\{closure}(Object(Illuminate\\Http\\Request))
#9 /Applications/MAMP/htdocs/BookingCore/vendor/laravel/framework/src/Illuminate/Pipeline/Pipeline.php(180): App\\Http\\Middleware\\RequireChangePassword->handle(Object(Illuminate\\Http\\Request), Object(Closure))
#10 /Applications/MAMP/htdocs/BookingCore/app/Http/Middleware/SetLanguageForAdmin.php(37): Illuminate\\Pipeline\\Pipeline->Illuminate\\Pipeline\\{closure}(Object(Illuminate\\Http\\Request))
#11 /Applications/MAMP/htdocs/BookingCore/vendor/laravel/framework/src/Illuminate/Pipeline/Pipeline.php(180): App\\Http\\Middleware\\SetLanguageForAdmin->handle(Object(Illuminate\\Http\\Request), Object(Closure))
#12 /Applications/MAMP/htdocs/BookingCore/app/Http/Middleware/SetCurrentCurrency.php(48): Illuminate\\Pipeline\\Pipeline->Illuminate\\Pipeline\\{closure}(Object(Illuminate\\Http\\Request))
#13 /Applications/MAMP/htdocs/BookingCore/vendor/laravel/framework/src/Illuminate/Pipeline/Pipeline.php(180): App\\Http\\Middleware\\SetCurrentCurrency->handle(Object(Illuminate\\Http\\Request), Object(Closure))
#14 /Applications/MAMP/htdocs/BookingCore/app/Http/Middleware/HideDebugbar.php(32): Illuminate\\Pipeline\\Pipeline->Illuminate\\Pipeline\\{closure}(Object(Illuminate\\Http\\Request))
#15 /Applications/MAMP/htdocs/BookingCore/vendor/laravel/framework/src/Illuminate/Pipeline/Pipeline.php(180): App\\Http\\Middleware\\HideDebugbar->handle(Object(Illuminate\\Http\\Request), Object(Closure))
#16 /Applications/MAMP/htdocs/BookingCore/app/Http/Middleware/RedirectForMultiLanguage.php(58): Illuminate\\Pipeline\\Pipeline->Illuminate\\Pipeline\\{closure}(Object(Illuminate\\Http\\Request))
#17 /Applications/MAMP/htdocs/BookingCore/vendor/laravel/framework/src/Illuminate/Pipeline/Pipeline.php(180): App\\Http\\Middleware\\RedirectForMultiLanguage->handle(Object(Illuminate\\Http\\Request), Object(Closure))
#18 /Applications/MAMP/htdocs/BookingCore/vendor/laravel/framework/src/Illuminate/Routing/Middleware/SubstituteBindings.php(50): Illuminate\\Pipeline\\Pipeline->Illuminate\\Pipeline\\{closure}(Object(Illuminate\\Http\\Request))
#19 /Applications/MAMP/htdocs/BookingCore/vendor/laravel/framework/src/Illuminate/Pipeline/Pipeline.php(180): Illuminate\\Routing\\Middleware\\SubstituteBindings->handle(Object(Illuminate\\Http\\Request), Object(Closure))
#20 /Applications/MAMP/htdocs/BookingCore/vendor/laravel/framework/src/Illuminate/Foundation/Http/Middleware/VerifyCsrfToken.php(78): Illuminate\\Pipeline\\Pipeline->Illuminate\\Pipeline\\{closure}(Object(Illuminate\\Http\\Request))
#21 /Applications/MAMP/htdocs/BookingCore/vendor/laravel/framework/src/Illuminate/Pipeline/Pipeline.php(180): Illuminate\\Foundation\\Http\\Middleware\\VerifyCsrfToken->handle(Object(Illuminate\\Http\\Request), Object(Closure))
#22 /Applications/MAMP/htdocs/BookingCore/vendor/laravel/framework/src/Illuminate/View/Middleware/ShareErrorsFromSession.php(49): Illuminate\\Pipeline\\Pipeline->Illuminate\\Pipeline\\{closure}(Object(Illuminate\\Http\\Request))
#23 /Applications/MAMP/htdocs/BookingCore/vendor/laravel/framework/src/Illuminate/Pipeline/Pipeline.php(180): Illuminate\\View\\Middleware\\ShareErrorsFromSession->handle(Object(Illuminate\\Http\\Request), Object(Closure))
#24 /Applications/MAMP/htdocs/BookingCore/vendor/laravel/framework/src/Illuminate/Session/Middleware/StartSession.php(121): Illuminate\\Pipeline\\Pipeline->Illuminate\\Pipeline\\{closure}(Object(Illuminate\\Http\\Request))
#25 /Applications/MAMP/htdocs/BookingCore/vendor/laravel/framework/src/Illuminate/Session/Middleware/StartSession.php(64): Illuminate\\Session\\Middleware\\StartSession->handleStatefulRequest(Object(Illuminate\\Http\\Request), Object(Illuminate\\Session\\Store), Object(Closure))
#26 /Applications/MAMP/htdocs/BookingCore/vendor/laravel/framework/src/Illuminate/Pipeline/Pipeline.php(180): Illuminate\\Session\\Middleware\\StartSession->handle(Object(Illuminate\\Http\\Request), Object(Closure))
#27 /Applications/MAMP/htdocs/BookingCore/vendor/laravel/framework/src/Illuminate/Cookie/Middleware/AddQueuedCookiesToResponse.php(37): Illuminate\\Pipeline\\Pipeline->Illuminate\\Pipeline\\{closure}(Object(Illuminate\\Http\\Request))
#28 /Applications/MAMP/htdocs/BookingCore/vendor/laravel/framework/src/Illuminate/Pipeline/Pipeline.php(180): Illuminate\\Cookie\\Middleware\\AddQueuedCookiesToResponse->handle(Object(Illuminate\\Http\\Request), Object(Closure))
#29 /Applications/MAMP/htdocs/BookingCore/vendor/laravel/framework/src/Illuminate/Cookie/Middleware/EncryptCookies.php(67): Illuminate\\Pipeline\\Pipeline->Illuminate\\Pipeline\\{closure}(Object(Illuminate\\Http\\Request))
#30 /Applications/MAMP/htdocs/BookingCore/vendor/laravel/framework/src/Illuminate/Pipeline/Pipeline.php(180): Illuminate\\Cookie\\Middleware\\EncryptCookies->handle(Object(Illuminate\\Http\\Request), Object(Closure))
#31 /Applications/MAMP/htdocs/BookingCore/vendor/laravel/framework/src/Illuminate/Pipeline/Pipeline.php(116): Illuminate\\Pipeline\\Pipeline->Illuminate\\Pipeline\\{closure}(Object(Illuminate\\Http\\Request))
#32 /Applications/MAMP/htdocs/BookingCore/vendor/laravel/framework/src/Illuminate/Routing/Router.php(799): Illuminate\\Pipeline\\Pipeline->then(Object(Closure))
#33 /Applications/MAMP/htdocs/BookingCore/vendor/laravel/framework/src/Illuminate/Routing/Router.php(776): Illuminate\\Routing\\Router->runRouteWithinStack(Object(Illuminate\\Routing\\Route), Object(Illuminate\\Http\\Request))
#34 /Applications/MAMP/htdocs/BookingCore/vendor/laravel/framework/src/Illuminate/Routing/Router.php(740): Illuminate\\Routing\\Router->runRoute(Object(Illuminate\\Http\\Request), Object(Illuminate\\Routing\\Route))
#35 /Applications/MAMP/htdocs/BookingCore/vendor/laravel/framework/src/Illuminate/Routing/Router.php(729): Illuminate\\Routing\\Router->dispatchToRoute(Object(Illuminate\\Http\\Request))
#36 /Applications/MAMP/htdocs/BookingCore/vendor/laravel/framework/src/Illuminate/Foundation/Http/Kernel.php(190): Illuminate\\Routing\\Router->dispatch(Object(Illuminate\\Http\\Request))
#37 /Applications/MAMP/htdocs/BookingCore/vendor/laravel/framework/src/Illuminate/Pipeline/Pipeline.php(141): Illuminate\\Foundation\\Http\\Kernel->Illuminate\\Foundation\\Http\\{closure}(Object(Illuminate\\Http\\Request))
#38 /Applications/MAMP/htdocs/BookingCore/themes/Base/Core/Middleware/RunUpdater.php(76): Illuminate\\Pipeline\\Pipeline->Illuminate\\Pipeline\\{closure}(Object(Illuminate\\Http\\Request))
#39 /Applications/MAMP/htdocs/BookingCore/vendor/laravel/framework/src/Illuminate/Pipeline/Pipeline.php(180): Themes\\Base\\Core\\Middleware\\RunUpdater->handle(Object(Illuminate\\Http\\Request), Object(Closure))
#40 /Applications/MAMP/htdocs/BookingCore/vendor/barryvdh/laravel-debugbar/src/Middleware/InjectDebugbar.php(66): Illuminate\\Pipeline\\Pipeline->Illuminate\\Pipeline\\{closure}(Object(Illuminate\\Http\\Request))
#41 /Applications/MAMP/htdocs/BookingCore/vendor/laravel/framework/src/Illuminate/Pipeline/Pipeline.php(180): Barryvdh\\Debugbar\\Middleware\\InjectDebugbar->handle(Object(Illuminate\\Http\\Request), Object(Closure))
#42 /Applications/MAMP/htdocs/BookingCore/vendor/laravel/framework/src/Illuminate/Foundation/Http/Middleware/TransformsRequest.php(21): Illuminate\\Pipeline\\Pipeline->Illuminate\\Pipeline\\{closure}(Object(Illuminate\\Http\\Request))
#43 /Applications/MAMP/htdocs/BookingCore/vendor/laravel/framework/src/Illuminate/Foundation/Http/Middleware/ConvertEmptyStringsToNull.php(31): Illuminate\\Foundation\\Http\\Middleware\\TransformsRequest->handle(Object(Illuminate\\Http\\Request), Object(Closure))
#44 /Applications/MAMP/htdocs/BookingCore/vendor/laravel/framework/src/Illuminate/Pipeline/Pipeline.php(180): Illuminate\\Foundation\\Http\\Middleware\\ConvertEmptyStringsToNull->handle(Object(Illuminate\\Http\\Request), Object(Closure))
#45 /Applications/MAMP/htdocs/BookingCore/vendor/laravel/framework/src/Illuminate/Foundation/Http/Middleware/TransformsRequest.php(21): Illuminate\\Pipeline\\Pipeline->Illuminate\\Pipeline\\{closure}(Object(Illuminate\\Http\\Request))
#46 /Applications/MAMP/htdocs/BookingCore/vendor/laravel/framework/src/Illuminate/Foundation/Http/Middleware/TrimStrings.php(40): Illuminate\\Foundation\\Http\\Middleware\\TransformsRequest->handle(Object(Illuminate\\Http\\Request), Object(Closure))
#47 /Applications/MAMP/htdocs/BookingCore/vendor/laravel/framework/src/Illuminate/Pipeline/Pipeline.php(180): Illuminate\\Foundation\\Http\\Middleware\\TrimStrings->handle(Object(Illuminate\\Http\\Request), Object(Closure))
#48 /Applications/MAMP/htdocs/BookingCore/vendor/laravel/framework/src/Illuminate/Foundation/Http/Middleware/ValidatePostSize.php(27): Illuminate\\Pipeline\\Pipeline->Illuminate\\Pipeline\\{closure}(Object(Illuminate\\Http\\Request))
#49 /Applications/MAMP/htdocs/BookingCore/vendor/laravel/framework/src/Illuminate/Pipeline/Pipeline.php(180): Illuminate\\Foundation\\Http\\Middleware\\ValidatePostSize->handle(Object(Illuminate\\Http\\Request), Object(Closure))
#50 /Applications/MAMP/htdocs/BookingCore/vendor/laravel/framework/src/Illuminate/Foundation/Http/Middleware/PreventRequestsDuringMaintenance.php(86): Illuminate\\Pipeline\\Pipeline->Illuminate\\Pipeline\\{closure}(Object(Illuminate\\Http\\Request))
#51 /Applications/MAMP/htdocs/BookingCore/vendor/laravel/framework/src/Illuminate/Pipeline/Pipeline.php(180): Illuminate\\Foundation\\Http\\Middleware\\PreventRequestsDuringMaintenance->handle(Object(Illuminate\\Http\\Request), Object(Closure))
#52 /Applications/MAMP/htdocs/BookingCore/vendor/laravel/framework/src/Illuminate/Http/Middleware/HandleCors.php(49): Illuminate\\Pipeline\\Pipeline->Illuminate\\Pipeline\\{closure}(Object(Illuminate\\Http\\Request))
#53 /Applications/MAMP/htdocs/BookingCore/vendor/laravel/framework/src/Illuminate/Pipeline/Pipeline.php(180): Illuminate\\Http\\Middleware\\HandleCors->handle(Object(Illuminate\\Http\\Request), Object(Closure))
#54 /Applications/MAMP/htdocs/BookingCore/app/Http/Middleware/RedirectToInstaller.php(40): Illuminate\\Pipeline\\Pipeline->Illuminate\\Pipeline\\{closure}(Object(Illuminate\\Http\\Request))
#55 /Applications/MAMP/htdocs/BookingCore/vendor/laravel/framework/src/Illuminate/Pipeline/Pipeline.php(180): App\\Http\\Middleware\\RedirectToInstaller->handle(Object(Illuminate\\Http\\Request), Object(Closure))
#56 /Applications/MAMP/htdocs/BookingCore/vendor/laravel/framework/src/Illuminate/Http/Middleware/TrustProxies.php(39): Illuminate\\Pipeline\\Pipeline->Illuminate\\Pipeline\\{closure}(Object(Illuminate\\Http\\Request))
#57 /Applications/MAMP/htdocs/BookingCore/vendor/laravel/framework/src/Illuminate/Pipeline/Pipeline.php(180): Illuminate\\Http\\Middleware\\TrustProxies->handle(Object(Illuminate\\Http\\Request), Object(Closure))
#58 /Applications/MAMP/htdocs/BookingCore/vendor/laravel/framework/src/Illuminate/Pipeline/Pipeline.php(116): Illuminate\\Pipeline\\Pipeline->Illuminate\\Pipeline\\{closure}(Object(Illuminate\\Http\\Request))
#59 /Applications/MAMP/htdocs/BookingCore/vendor/laravel/framework/src/Illuminate/Foundation/Http/Kernel.php(165): Illuminate\\Pipeline\\Pipeline->then(Object(Closure))
#60 /Applications/MAMP/htdocs/BookingCore/vendor/laravel/framework/src/Illuminate/Foundation/Http/Kernel.php(134): Illuminate\\Foundation\\Http\\Kernel->sendRequestThroughRouter(Object(Illuminate\\Http\\Request))
#61 /Applications/MAMP/htdocs/BookingCore/public/index.php(75): Illuminate\\Foundation\\Http\\Kernel->handle(Object(Illuminate\\Http\\Request))
#62 /Applications/MAMP/htdocs/BookingCore/server.php(21): require_once('/Applications/M...')
#63 {main}
"} 
[2024-01-28 00:42:48] local.ERROR: Undefined global variable $_SESSION {"userId":6,"exception":"[object] (ErrorException(code: 0): Undefined global variable $_SESSION at /Applications/MAMP/htdocs/BookingCore/modules/Booking/Controllers/BookingController.php:696)
[stacktrace]
#0 /Applications/MAMP/htdocs/BookingCore/vendor/laravel/framework/src/Illuminate/Foundation/Bootstrap/HandleExceptions.php(270): Illuminate\\Foundation\\Bootstrap\\HandleExceptions->handleError(2, 'Undefined globa...', '/Applications/M...', 696)
#1 /Applications/MAMP/htdocs/BookingCore/modules/Booking/Controllers/BookingController.php(696): Illuminate\\Foundation\\Bootstrap\\HandleExceptions->Illuminate\\Foundation\\Bootstrap\\{closure}(2, 'Undefined globa...', '/Applications/M...', 696)
#2 /Applications/MAMP/htdocs/BookingCore/vendor/laravel/framework/src/Illuminate/Routing/Controller.php(54): Modules\\Booking\\Controllers\\BookingController->peachCheckout(Object(Illuminate\\Http\\Request))
#3 /Applications/MAMP/htdocs/BookingCore/vendor/laravel/framework/src/Illuminate/Routing/ControllerDispatcher.php(43): Illuminate\\Routing\\Controller->callAction('peachCheckout', Array)
#4 /Applications/MAMP/htdocs/BookingCore/vendor/laravel/framework/src/Illuminate/Routing/Route.php(260): Illuminate\\Routing\\ControllerDispatcher->dispatch(Object(Illuminate\\Routing\\Route), Object(Modules\\Booking\\Controllers\\BookingController), 'peachCheckout')
#5 /Applications/MAMP/htdocs/BookingCore/vendor/laravel/framework/src/Illuminate/Routing/Route.php(205): Illuminate\\Routing\\Route->runController()
#6 /Applications/MAMP/htdocs/BookingCore/vendor/laravel/framework/src/Illuminate/Routing/Router.php(798): Illuminate\\Routing\\Route->run()
#7 /Applications/MAMP/htdocs/BookingCore/vendor/laravel/framework/src/Illuminate/Pipeline/Pipeline.php(141): Illuminate\\Routing\\Router->Illuminate\\Routing\\{closure}(Object(Illuminate\\Http\\Request))
#8 /Applications/MAMP/htdocs/BookingCore/app/Http/Middleware/RequireChangePassword.php(41): Illuminate\\Pipeline\\Pipeline->Illuminate\\Pipeline\\{closure}(Object(Illuminate\\Http\\Request))
#9 /Applications/MAMP/htdocs/BookingCore/vendor/laravel/framework/src/Illuminate/Pipeline/Pipeline.php(180): App\\Http\\Middleware\\RequireChangePassword->handle(Object(Illuminate\\Http\\Request), Object(Closure))
#10 /Applications/MAMP/htdocs/BookingCore/app/Http/Middleware/SetLanguageForAdmin.php(37): Illuminate\\Pipeline\\Pipeline->Illuminate\\Pipeline\\{closure}(Object(Illuminate\\Http\\Request))
#11 /Applications/MAMP/htdocs/BookingCore/vendor/laravel/framework/src/Illuminate/Pipeline/Pipeline.php(180): App\\Http\\Middleware\\SetLanguageForAdmin->handle(Object(Illuminate\\Http\\Request), Object(Closure))
#12 /Applications/MAMP/htdocs/BookingCore/app/Http/Middleware/SetCurrentCurrency.php(48): Illuminate\\Pipeline\\Pipeline->Illuminate\\Pipeline\\{closure}(Object(Illuminate\\Http\\Request))
#13 /Applications/MAMP/htdocs/BookingCore/vendor/laravel/framework/src/Illuminate/Pipeline/Pipeline.php(180): App\\Http\\Middleware\\SetCurrentCurrency->handle(Object(Illuminate\\Http\\Request), Object(Closure))
#14 /Applications/MAMP/htdocs/BookingCore/app/Http/Middleware/HideDebugbar.php(32): Illuminate\\Pipeline\\Pipeline->Illuminate\\Pipeline\\{closure}(Object(Illuminate\\Http\\Request))
#15 /Applications/MAMP/htdocs/BookingCore/vendor/laravel/framework/src/Illuminate/Pipeline/Pipeline.php(180): App\\Http\\Middleware\\HideDebugbar->handle(Object(Illuminate\\Http\\Request), Object(Closure))
#16 /Applications/MAMP/htdocs/BookingCore/app/Http/Middleware/RedirectForMultiLanguage.php(58): Illuminate\\Pipeline\\Pipeline->Illuminate\\Pipeline\\{closure}(Object(Illuminate\\Http\\Request))
#17 /Applications/MAMP/htdocs/BookingCore/vendor/laravel/framework/src/Illuminate/Pipeline/Pipeline.php(180): App\\Http\\Middleware\\RedirectForMultiLanguage->handle(Object(Illuminate\\Http\\Request), Object(Closure))
#18 /Applications/MAMP/htdocs/BookingCore/vendor/laravel/framework/src/Illuminate/Routing/Middleware/SubstituteBindings.php(50): Illuminate\\Pipeline\\Pipeline->Illuminate\\Pipeline\\{closure}(Object(Illuminate\\Http\\Request))
#19 /Applications/MAMP/htdocs/BookingCore/vendor/laravel/framework/src/Illuminate/Pipeline/Pipeline.php(180): Illuminate\\Routing\\Middleware\\SubstituteBindings->handle(Object(Illuminate\\Http\\Request), Object(Closure))
#20 /Applications/MAMP/htdocs/BookingCore/vendor/laravel/framework/src/Illuminate/Foundation/Http/Middleware/VerifyCsrfToken.php(78): Illuminate\\Pipeline\\Pipeline->Illuminate\\Pipeline\\{closure}(Object(Illuminate\\Http\\Request))
#21 /Applications/MAMP/htdocs/BookingCore/vendor/laravel/framework/src/Illuminate/Pipeline/Pipeline.php(180): Illuminate\\Foundation\\Http\\Middleware\\VerifyCsrfToken->handle(Object(Illuminate\\Http\\Request), Object(Closure))
#22 /Applications/MAMP/htdocs/BookingCore/vendor/laravel/framework/src/Illuminate/View/Middleware/ShareErrorsFromSession.php(49): Illuminate\\Pipeline\\Pipeline->Illuminate\\Pipeline\\{closure}(Object(Illuminate\\Http\\Request))
#23 /Applications/MAMP/htdocs/BookingCore/vendor/laravel/framework/src/Illuminate/Pipeline/Pipeline.php(180): Illuminate\\View\\Middleware\\ShareErrorsFromSession->handle(Object(Illuminate\\Http\\Request), Object(Closure))
#24 /Applications/MAMP/htdocs/BookingCore/vendor/laravel/framework/src/Illuminate/Session/Middleware/StartSession.php(121): Illuminate\\Pipeline\\Pipeline->Illuminate\\Pipeline\\{closure}(Object(Illuminate\\Http\\Request))
#25 /Applications/MAMP/htdocs/BookingCore/vendor/laravel/framework/src/Illuminate/Session/Middleware/StartSession.php(64): Illuminate\\Session\\Middleware\\StartSession->handleStatefulRequest(Object(Illuminate\\Http\\Request), Object(Illuminate\\Session\\Store), Object(Closure))
#26 /Applications/MAMP/htdocs/BookingCore/vendor/laravel/framework/src/Illuminate/Pipeline/Pipeline.php(180): Illuminate\\Session\\Middleware\\StartSession->handle(Object(Illuminate\\Http\\Request), Object(Closure))
#27 /Applications/MAMP/htdocs/BookingCore/vendor/laravel/framework/src/Illuminate/Cookie/Middleware/AddQueuedCookiesToResponse.php(37): Illuminate\\Pipeline\\Pipeline->Illuminate\\Pipeline\\{closure}(Object(Illuminate\\Http\\Request))
#28 /Applications/MAMP/htdocs/BookingCore/vendor/laravel/framework/src/Illuminate/Pipeline/Pipeline.php(180): Illuminate\\Cookie\\Middleware\\AddQueuedCookiesToResponse->handle(Object(Illuminate\\Http\\Request), Object(Closure))
#29 /Applications/MAMP/htdocs/BookingCore/vendor/laravel/framework/src/Illuminate/Cookie/Middleware/EncryptCookies.php(67): Illuminate\\Pipeline\\Pipeline->Illuminate\\Pipeline\\{closure}(Object(Illuminate\\Http\\Request))
#30 /Applications/MAMP/htdocs/BookingCore/vendor/laravel/framework/src/Illuminate/Pipeline/Pipeline.php(180): Illuminate\\Cookie\\Middleware\\EncryptCookies->handle(Object(Illuminate\\Http\\Request), Object(Closure))
#31 /Applications/MAMP/htdocs/BookingCore/vendor/laravel/framework/src/Illuminate/Pipeline/Pipeline.php(116): Illuminate\\Pipeline\\Pipeline->Illuminate\\Pipeline\\{closure}(Object(Illuminate\\Http\\Request))
#32 /Applications/MAMP/htdocs/BookingCore/vendor/laravel/framework/src/Illuminate/Routing/Router.php(799): Illuminate\\Pipeline\\Pipeline->then(Object(Closure))
#33 /Applications/MAMP/htdocs/BookingCore/vendor/laravel/framework/src/Illuminate/Routing/Router.php(776): Illuminate\\Routing\\Router->runRouteWithinStack(Object(Illuminate\\Routing\\Route), Object(Illuminate\\Http\\Request))
#34 /Applications/MAMP/htdocs/BookingCore/vendor/laravel/framework/src/Illuminate/Routing/Router.php(740): Illuminate\\Routing\\Router->runRoute(Object(Illuminate\\Http\\Request), Object(Illuminate\\Routing\\Route))
#35 /Applications/MAMP/htdocs/BookingCore/vendor/laravel/framework/src/Illuminate/Routing/Router.php(729): Illuminate\\Routing\\Router->dispatchToRoute(Object(Illuminate\\Http\\Request))
#36 /Applications/MAMP/htdocs/BookingCore/vendor/laravel/framework/src/Illuminate/Foundation/Http/Kernel.php(190): Illuminate\\Routing\\Router->dispatch(Object(Illuminate\\Http\\Request))
#37 /Applications/MAMP/htdocs/BookingCore/vendor/laravel/framework/src/Illuminate/Pipeline/Pipeline.php(141): Illuminate\\Foundation\\Http\\Kernel->Illuminate\\Foundation\\Http\\{closure}(Object(Illuminate\\Http\\Request))
#38 /Applications/MAMP/htdocs/BookingCore/themes/Base/Core/Middleware/RunUpdater.php(76): Illuminate\\Pipeline\\Pipeline->Illuminate\\Pipeline\\{closure}(Object(Illuminate\\Http\\Request))
#39 /Applications/MAMP/htdocs/BookingCore/vendor/laravel/framework/src/Illuminate/Pipeline/Pipeline.php(180): Themes\\Base\\Core\\Middleware\\RunUpdater->handle(Object(Illuminate\\Http\\Request), Object(Closure))
#40 /Applications/MAMP/htdocs/BookingCore/vendor/barryvdh/laravel-debugbar/src/Middleware/InjectDebugbar.php(66): Illuminate\\Pipeline\\Pipeline->Illuminate\\Pipeline\\{closure}(Object(Illuminate\\Http\\Request))
#41 /Applications/MAMP/htdocs/BookingCore/vendor/laravel/framework/src/Illuminate/Pipeline/Pipeline.php(180): Barryvdh\\Debugbar\\Middleware\\InjectDebugbar->handle(Object(Illuminate\\Http\\Request), Object(Closure))
#42 /Applications/MAMP/htdocs/BookingCore/vendor/laravel/framework/src/Illuminate/Foundation/Http/Middleware/TransformsRequest.php(21): Illuminate\\Pipeline\\Pipeline->Illuminate\\Pipeline\\{closure}(Object(Illuminate\\Http\\Request))
#43 /Applications/MAMP/htdocs/BookingCore/vendor/laravel/framework/src/Illuminate/Foundation/Http/Middleware/ConvertEmptyStringsToNull.php(31): Illuminate\\Foundation\\Http\\Middleware\\TransformsRequest->handle(Object(Illuminate\\Http\\Request), Object(Closure))
#44 /Applications/MAMP/htdocs/BookingCore/vendor/laravel/framework/src/Illuminate/Pipeline/Pipeline.php(180): Illuminate\\Foundation\\Http\\Middleware\\ConvertEmptyStringsToNull->handle(Object(Illuminate\\Http\\Request), Object(Closure))
#45 /Applications/MAMP/htdocs/BookingCore/vendor/laravel/framework/src/Illuminate/Foundation/Http/Middleware/TransformsRequest.php(21): Illuminate\\Pipeline\\Pipeline->Illuminate\\Pipeline\\{closure}(Object(Illuminate\\Http\\Request))
#46 /Applications/MAMP/htdocs/BookingCore/vendor/laravel/framework/src/Illuminate/Foundation/Http/Middleware/TrimStrings.php(40): Illuminate\\Foundation\\Http\\Middleware\\TransformsRequest->handle(Object(Illuminate\\Http\\Request), Object(Closure))
#47 /Applications/MAMP/htdocs/BookingCore/vendor/laravel/framework/src/Illuminate/Pipeline/Pipeline.php(180): Illuminate\\Foundation\\Http\\Middleware\\TrimStrings->handle(Object(Illuminate\\Http\\Request), Object(Closure))
#48 /Applications/MAMP/htdocs/BookingCore/vendor/laravel/framework/src/Illuminate/Foundation/Http/Middleware/ValidatePostSize.php(27): Illuminate\\Pipeline\\Pipeline->Illuminate\\Pipeline\\{closure}(Object(Illuminate\\Http\\Request))
#49 /Applications/MAMP/htdocs/BookingCore/vendor/laravel/framework/src/Illuminate/Pipeline/Pipeline.php(180): Illuminate\\Foundation\\Http\\Middleware\\ValidatePostSize->handle(Object(Illuminate\\Http\\Request), Object(Closure))
#50 /Applications/MAMP/htdocs/BookingCore/vendor/laravel/framework/src/Illuminate/Foundation/Http/Middleware/PreventRequestsDuringMaintenance.php(86): Illuminate\\Pipeline\\Pipeline->Illuminate\\Pipeline\\{closure}(Object(Illuminate\\Http\\Request))
#51 /Applications/MAMP/htdocs/BookingCore/vendor/laravel/framework/src/Illuminate/Pipeline/Pipeline.php(180): Illuminate\\Foundation\\Http\\Middleware\\PreventRequestsDuringMaintenance->handle(Object(Illuminate\\Http\\Request), Object(Closure))
#52 /Applications/MAMP/htdocs/BookingCore/vendor/laravel/framework/src/Illuminate/Http/Middleware/HandleCors.php(49): Illuminate\\Pipeline\\Pipeline->Illuminate\\Pipeline\\{closure}(Object(Illuminate\\Http\\Request))
#53 /Applications/MAMP/htdocs/BookingCore/vendor/laravel/framework/src/Illuminate/Pipeline/Pipeline.php(180): Illuminate\\Http\\Middleware\\HandleCors->handle(Object(Illuminate\\Http\\Request), Object(Closure))
#54 /Applications/MAMP/htdocs/BookingCore/app/Http/Middleware/RedirectToInstaller.php(40): Illuminate\\Pipeline\\Pipeline->Illuminate\\Pipeline\\{closure}(Object(Illuminate\\Http\\Request))
#55 /Applications/MAMP/htdocs/BookingCore/vendor/laravel/framework/src/Illuminate/Pipeline/Pipeline.php(180): App\\Http\\Middleware\\RedirectToInstaller->handle(Object(Illuminate\\Http\\Request), Object(Closure))
#56 /Applications/MAMP/htdocs/BookingCore/vendor/laravel/framework/src/Illuminate/Http/Middleware/TrustProxies.php(39): Illuminate\\Pipeline\\Pipeline->Illuminate\\Pipeline\\{closure}(Object(Illuminate\\Http\\Request))
#57 /Applications/MAMP/htdocs/BookingCore/vendor/laravel/framework/src/Illuminate/Pipeline/Pipeline.php(180): Illuminate\\Http\\Middleware\\TrustProxies->handle(Object(Illuminate\\Http\\Request), Object(Closure))
#58 /Applications/MAMP/htdocs/BookingCore/vendor/laravel/framework/src/Illuminate/Pipeline/Pipeline.php(116): Illuminate\\Pipeline\\Pipeline->Illuminate\\Pipeline\\{closure}(Object(Illuminate\\Http\\Request))
#59 /Applications/MAMP/htdocs/BookingCore/vendor/laravel/framework/src/Illuminate/Foundation/Http/Kernel.php(165): Illuminate\\Pipeline\\Pipeline->then(Object(Closure))
#60 /Applications/MAMP/htdocs/BookingCore/vendor/laravel/framework/src/Illuminate/Foundation/Http/Kernel.php(134): Illuminate\\Foundation\\Http\\Kernel->sendRequestThroughRouter(Object(Illuminate\\Http\\Request))
#61 /Applications/MAMP/htdocs/BookingCore/public/index.php(75): Illuminate\\Foundation\\Http\\Kernel->handle(Object(Illuminate\\Http\\Request))
#62 /Applications/MAMP/htdocs/BookingCore/server.php(21): require_once('/Applications/M...')
#63 {main}
"} 
[2024-01-28 00:47:24] local.ERROR: Undefined array key "amount" {"userId":6,"exception":"[object] (ErrorException(code: 0): Undefined array key \"amount\" at /Applications/MAMP/htdocs/BookingCore/modules/Booking/Controllers/BookingController.php:697)
[stacktrace]
#0 /Applications/MAMP/htdocs/BookingCore/vendor/laravel/framework/src/Illuminate/Foundation/Bootstrap/HandleExceptions.php(270): Illuminate\\Foundation\\Bootstrap\\HandleExceptions->handleError(2, 'Undefined array...', '/Applications/M...', 697)
#1 /Applications/MAMP/htdocs/BookingCore/modules/Booking/Controllers/BookingController.php(697): Illuminate\\Foundation\\Bootstrap\\HandleExceptions->Illuminate\\Foundation\\Bootstrap\\{closure}(2, 'Undefined array...', '/Applications/M...', 697)
#2 /Applications/MAMP/htdocs/BookingCore/vendor/laravel/framework/src/Illuminate/Routing/Controller.php(54): Modules\\Booking\\Controllers\\BookingController->peachCheckout(Object(Illuminate\\Http\\Request))
#3 /Applications/MAMP/htdocs/BookingCore/vendor/laravel/framework/src/Illuminate/Routing/ControllerDispatcher.php(43): Illuminate\\Routing\\Controller->callAction('peachCheckout', Array)
#4 /Applications/MAMP/htdocs/BookingCore/vendor/laravel/framework/src/Illuminate/Routing/Route.php(260): Illuminate\\Routing\\ControllerDispatcher->dispatch(Object(Illuminate\\Routing\\Route), Object(Modules\\Booking\\Controllers\\BookingController), 'peachCheckout')
#5 /Applications/MAMP/htdocs/BookingCore/vendor/laravel/framework/src/Illuminate/Routing/Route.php(205): Illuminate\\Routing\\Route->runController()
#6 /Applications/MAMP/htdocs/BookingCore/vendor/laravel/framework/src/Illuminate/Routing/Router.php(798): Illuminate\\Routing\\Route->run()
#7 /Applications/MAMP/htdocs/BookingCore/vendor/laravel/framework/src/Illuminate/Pipeline/Pipeline.php(141): Illuminate\\Routing\\Router->Illuminate\\Routing\\{closure}(Object(Illuminate\\Http\\Request))
#8 /Applications/MAMP/htdocs/BookingCore/app/Http/Middleware/RequireChangePassword.php(41): Illuminate\\Pipeline\\Pipeline->Illuminate\\Pipeline\\{closure}(Object(Illuminate\\Http\\Request))
#9 /Applications/MAMP/htdocs/BookingCore/vendor/laravel/framework/src/Illuminate/Pipeline/Pipeline.php(180): App\\Http\\Middleware\\RequireChangePassword->handle(Object(Illuminate\\Http\\Request), Object(Closure))
#10 /Applications/MAMP/htdocs/BookingCore/app/Http/Middleware/SetLanguageForAdmin.php(37): Illuminate\\Pipeline\\Pipeline->Illuminate\\Pipeline\\{closure}(Object(Illuminate\\Http\\Request))
#11 /Applications/MAMP/htdocs/BookingCore/vendor/laravel/framework/src/Illuminate/Pipeline/Pipeline.php(180): App\\Http\\Middleware\\SetLanguageForAdmin->handle(Object(Illuminate\\Http\\Request), Object(Closure))
#12 /Applications/MAMP/htdocs/BookingCore/app/Http/Middleware/SetCurrentCurrency.php(48): Illuminate\\Pipeline\\Pipeline->Illuminate\\Pipeline\\{closure}(Object(Illuminate\\Http\\Request))
#13 /Applications/MAMP/htdocs/BookingCore/vendor/laravel/framework/src/Illuminate/Pipeline/Pipeline.php(180): App\\Http\\Middleware\\SetCurrentCurrency->handle(Object(Illuminate\\Http\\Request), Object(Closure))
#14 /Applications/MAMP/htdocs/BookingCore/app/Http/Middleware/HideDebugbar.php(32): Illuminate\\Pipeline\\Pipeline->Illuminate\\Pipeline\\{closure}(Object(Illuminate\\Http\\Request))
#15 /Applications/MAMP/htdocs/BookingCore/vendor/laravel/framework/src/Illuminate/Pipeline/Pipeline.php(180): App\\Http\\Middleware\\HideDebugbar->handle(Object(Illuminate\\Http\\Request), Object(Closure))
#16 /Applications/MAMP/htdocs/BookingCore/app/Http/Middleware/RedirectForMultiLanguage.php(58): Illuminate\\Pipeline\\Pipeline->Illuminate\\Pipeline\\{closure}(Object(Illuminate\\Http\\Request))
#17 /Applications/MAMP/htdocs/BookingCore/vendor/laravel/framework/src/Illuminate/Pipeline/Pipeline.php(180): App\\Http\\Middleware\\RedirectForMultiLanguage->handle(Object(Illuminate\\Http\\Request), Object(Closure))
#18 /Applications/MAMP/htdocs/BookingCore/vendor/laravel/framework/src/Illuminate/Routing/Middleware/SubstituteBindings.php(50): Illuminate\\Pipeline\\Pipeline->Illuminate\\Pipeline\\{closure}(Object(Illuminate\\Http\\Request))
#19 /Applications/MAMP/htdocs/BookingCore/vendor/laravel/framework/src/Illuminate/Pipeline/Pipeline.php(180): Illuminate\\Routing\\Middleware\\SubstituteBindings->handle(Object(Illuminate\\Http\\Request), Object(Closure))
#20 /Applications/MAMP/htdocs/BookingCore/vendor/laravel/framework/src/Illuminate/Foundation/Http/Middleware/VerifyCsrfToken.php(78): Illuminate\\Pipeline\\Pipeline->Illuminate\\Pipeline\\{closure}(Object(Illuminate\\Http\\Request))
#21 /Applications/MAMP/htdocs/BookingCore/vendor/laravel/framework/src/Illuminate/Pipeline/Pipeline.php(180): Illuminate\\Foundation\\Http\\Middleware\\VerifyCsrfToken->handle(Object(Illuminate\\Http\\Request), Object(Closure))
#22 /Applications/MAMP/htdocs/BookingCore/vendor/laravel/framework/src/Illuminate/View/Middleware/ShareErrorsFromSession.php(49): Illuminate\\Pipeline\\Pipeline->Illuminate\\Pipeline\\{closure}(Object(Illuminate\\Http\\Request))
#23 /Applications/MAMP/htdocs/BookingCore/vendor/laravel/framework/src/Illuminate/Pipeline/Pipeline.php(180): Illuminate\\View\\Middleware\\ShareErrorsFromSession->handle(Object(Illuminate\\Http\\Request), Object(Closure))
#24 /Applications/MAMP/htdocs/BookingCore/vendor/laravel/framework/src/Illuminate/Session/Middleware/StartSession.php(121): Illuminate\\Pipeline\\Pipeline->Illuminate\\Pipeline\\{closure}(Object(Illuminate\\Http\\Request))
#25 /Applications/MAMP/htdocs/BookingCore/vendor/laravel/framework/src/Illuminate/Session/Middleware/StartSession.php(64): Illuminate\\Session\\Middleware\\StartSession->handleStatefulRequest(Object(Illuminate\\Http\\Request), Object(Illuminate\\Session\\Store), Object(Closure))
#26 /Applications/MAMP/htdocs/BookingCore/vendor/laravel/framework/src/Illuminate/Pipeline/Pipeline.php(180): Illuminate\\Session\\Middleware\\StartSession->handle(Object(Illuminate\\Http\\Request), Object(Closure))
#27 /Applications/MAMP/htdocs/BookingCore/vendor/laravel/framework/src/Illuminate/Cookie/Middleware/AddQueuedCookiesToResponse.php(37): Illuminate\\Pipeline\\Pipeline->Illuminate\\Pipeline\\{closure}(Object(Illuminate\\Http\\Request))
#28 /Applications/MAMP/htdocs/BookingCore/vendor/laravel/framework/src/Illuminate/Pipeline/Pipeline.php(180): Illuminate\\Cookie\\Middleware\\AddQueuedCookiesToResponse->handle(Object(Illuminate\\Http\\Request), Object(Closure))
#29 /Applications/MAMP/htdocs/BookingCore/vendor/laravel/framework/src/Illuminate/Cookie/Middleware/EncryptCookies.php(67): Illuminate\\Pipeline\\Pipeline->Illuminate\\Pipeline\\{closure}(Object(Illuminate\\Http\\Request))
#30 /Applications/MAMP/htdocs/BookingCore/vendor/laravel/framework/src/Illuminate/Pipeline/Pipeline.php(180): Illuminate\\Cookie\\Middleware\\EncryptCookies->handle(Object(Illuminate\\Http\\Request), Object(Closure))
#31 /Applications/MAMP/htdocs/BookingCore/vendor/laravel/framework/src/Illuminate/Pipeline/Pipeline.php(116): Illuminate\\Pipeline\\Pipeline->Illuminate\\Pipeline\\{closure}(Object(Illuminate\\Http\\Request))
#32 /Applications/MAMP/htdocs/BookingCore/vendor/laravel/framework/src/Illuminate/Routing/Router.php(799): Illuminate\\Pipeline\\Pipeline->then(Object(Closure))
#33 /Applications/MAMP/htdocs/BookingCore/vendor/laravel/framework/src/Illuminate/Routing/Router.php(776): Illuminate\\Routing\\Router->runRouteWithinStack(Object(Illuminate\\Routing\\Route), Object(Illuminate\\Http\\Request))
#34 /Applications/MAMP/htdocs/BookingCore/vendor/laravel/framework/src/Illuminate/Routing/Router.php(740): Illuminate\\Routing\\Router->runRoute(Object(Illuminate\\Http\\Request), Object(Illuminate\\Routing\\Route))
#35 /Applications/MAMP/htdocs/BookingCore/vendor/laravel/framework/src/Illuminate/Routing/Router.php(729): Illuminate\\Routing\\Router->dispatchToRoute(Object(Illuminate\\Http\\Request))
#36 /Applications/MAMP/htdocs/BookingCore/vendor/laravel/framework/src/Illuminate/Foundation/Http/Kernel.php(190): Illuminate\\Routing\\Router->dispatch(Object(Illuminate\\Http\\Request))
#37 /Applications/MAMP/htdocs/BookingCore/vendor/laravel/framework/src/Illuminate/Pipeline/Pipeline.php(141): Illuminate\\Foundation\\Http\\Kernel->Illuminate\\Foundation\\Http\\{closure}(Object(Illuminate\\Http\\Request))
#38 /Applications/MAMP/htdocs/BookingCore/themes/Base/Core/Middleware/RunUpdater.php(76): Illuminate\\Pipeline\\Pipeline->Illuminate\\Pipeline\\{closure}(Object(Illuminate\\Http\\Request))
#39 /Applications/MAMP/htdocs/BookingCore/vendor/laravel/framework/src/Illuminate/Pipeline/Pipeline.php(180): Themes\\Base\\Core\\Middleware\\RunUpdater->handle(Object(Illuminate\\Http\\Request), Object(Closure))
#40 /Applications/MAMP/htdocs/BookingCore/vendor/barryvdh/laravel-debugbar/src/Middleware/InjectDebugbar.php(66): Illuminate\\Pipeline\\Pipeline->Illuminate\\Pipeline\\{closure}(Object(Illuminate\\Http\\Request))
#41 /Applications/MAMP/htdocs/BookingCore/vendor/laravel/framework/src/Illuminate/Pipeline/Pipeline.php(180): Barryvdh\\Debugbar\\Middleware\\InjectDebugbar->handle(Object(Illuminate\\Http\\Request), Object(Closure))
#42 /Applications/MAMP/htdocs/BookingCore/vendor/laravel/framework/src/Illuminate/Foundation/Http/Middleware/TransformsRequest.php(21): Illuminate\\Pipeline\\Pipeline->Illuminate\\Pipeline\\{closure}(Object(Illuminate\\Http\\Request))
#43 /Applications/MAMP/htdocs/BookingCore/vendor/laravel/framework/src/Illuminate/Foundation/Http/Middleware/ConvertEmptyStringsToNull.php(31): Illuminate\\Foundation\\Http\\Middleware\\TransformsRequest->handle(Object(Illuminate\\Http\\Request), Object(Closure))
#44 /Applications/MAMP/htdocs/BookingCore/vendor/laravel/framework/src/Illuminate/Pipeline/Pipeline.php(180): Illuminate\\Foundation\\Http\\Middleware\\ConvertEmptyStringsToNull->handle(Object(Illuminate\\Http\\Request), Object(Closure))
#45 /Applications/MAMP/htdocs/BookingCore/vendor/laravel/framework/src/Illuminate/Foundation/Http/Middleware/TransformsRequest.php(21): Illuminate\\Pipeline\\Pipeline->Illuminate\\Pipeline\\{closure}(Object(Illuminate\\Http\\Request))
#46 /Applications/MAMP/htdocs/BookingCore/vendor/laravel/framework/src/Illuminate/Foundation/Http/Middleware/TrimStrings.php(40): Illuminate\\Foundation\\Http\\Middleware\\TransformsRequest->handle(Object(Illuminate\\Http\\Request), Object(Closure))
#47 /Applications/MAMP/htdocs/BookingCore/vendor/laravel/framework/src/Illuminate/Pipeline/Pipeline.php(180): Illuminate\\Foundation\\Http\\Middleware\\TrimStrings->handle(Object(Illuminate\\Http\\Request), Object(Closure))
#48 /Applications/MAMP/htdocs/BookingCore/vendor/laravel/framework/src/Illuminate/Foundation/Http/Middleware/ValidatePostSize.php(27): Illuminate\\Pipeline\\Pipeline->Illuminate\\Pipeline\\{closure}(Object(Illuminate\\Http\\Request))
#49 /Applications/MAMP/htdocs/BookingCore/vendor/laravel/framework/src/Illuminate/Pipeline/Pipeline.php(180): Illuminate\\Foundation\\Http\\Middleware\\ValidatePostSize->handle(Object(Illuminate\\Http\\Request), Object(Closure))
#50 /Applications/MAMP/htdocs/BookingCore/vendor/laravel/framework/src/Illuminate/Foundation/Http/Middleware/PreventRequestsDuringMaintenance.php(86): Illuminate\\Pipeline\\Pipeline->Illuminate\\Pipeline\\{closure}(Object(Illuminate\\Http\\Request))
#51 /Applications/MAMP/htdocs/BookingCore/vendor/laravel/framework/src/Illuminate/Pipeline/Pipeline.php(180): Illuminate\\Foundation\\Http\\Middleware\\PreventRequestsDuringMaintenance->handle(Object(Illuminate\\Http\\Request), Object(Closure))
#52 /Applications/MAMP/htdocs/BookingCore/vendor/laravel/framework/src/Illuminate/Http/Middleware/HandleCors.php(49): Illuminate\\Pipeline\\Pipeline->Illuminate\\Pipeline\\{closure}(Object(Illuminate\\Http\\Request))
#53 /Applications/MAMP/htdocs/BookingCore/vendor/laravel/framework/src/Illuminate/Pipeline/Pipeline.php(180): Illuminate\\Http\\Middleware\\HandleCors->handle(Object(Illuminate\\Http\\Request), Object(Closure))
#54 /Applications/MAMP/htdocs/BookingCore/app/Http/Middleware/RedirectToInstaller.php(40): Illuminate\\Pipeline\\Pipeline->Illuminate\\Pipeline\\{closure}(Object(Illuminate\\Http\\Request))
#55 /Applications/MAMP/htdocs/BookingCore/vendor/laravel/framework/src/Illuminate/Pipeline/Pipeline.php(180): App\\Http\\Middleware\\RedirectToInstaller->handle(Object(Illuminate\\Http\\Request), Object(Closure))
#56 /Applications/MAMP/htdocs/BookingCore/vendor/laravel/framework/src/Illuminate/Http/Middleware/TrustProxies.php(39): Illuminate\\Pipeline\\Pipeline->Illuminate\\Pipeline\\{closure}(Object(Illuminate\\Http\\Request))
#57 /Applications/MAMP/htdocs/BookingCore/vendor/laravel/framework/src/Illuminate/Pipeline/Pipeline.php(180): Illuminate\\Http\\Middleware\\TrustProxies->handle(Object(Illuminate\\Http\\Request), Object(Closure))
#58 /Applications/MAMP/htdocs/BookingCore/vendor/laravel/framework/src/Illuminate/Pipeline/Pipeline.php(116): Illuminate\\Pipeline\\Pipeline->Illuminate\\Pipeline\\{closure}(Object(Illuminate\\Http\\Request))
#59 /Applications/MAMP/htdocs/BookingCore/vendor/laravel/framework/src/Illuminate/Foundation/Http/Kernel.php(165): Illuminate\\Pipeline\\Pipeline->then(Object(Closure))
#60 /Applications/MAMP/htdocs/BookingCore/vendor/laravel/framework/src/Illuminate/Foundation/Http/Kernel.php(134): Illuminate\\Foundation\\Http\\Kernel->sendRequestThroughRouter(Object(Illuminate\\Http\\Request))
#61 /Applications/MAMP/htdocs/BookingCore/public/index.php(75): Illuminate\\Foundation\\Http\\Kernel->handle(Object(Illuminate\\Http\\Request))
#62 /Applications/MAMP/htdocs/BookingCore/server.php(21): require_once('/Applications/M...')
#63 {main}
"} 
[2024-01-28 00:50:52] local.ERROR: Undefined array key "amount" {"userId":6,"exception":"[object] (ErrorException(code: 0): Undefined array key \"amount\" at /Applications/MAMP/htdocs/BookingCore/modules/Booking/Controllers/BookingController.php:697)
[stacktrace]
#0 /Applications/MAMP/htdocs/BookingCore/vendor/laravel/framework/src/Illuminate/Foundation/Bootstrap/HandleExceptions.php(270): Illuminate\\Foundation\\Bootstrap\\HandleExceptions->handleError(2, 'Undefined array...', '/Applications/M...', 697)
#1 /Applications/MAMP/htdocs/BookingCore/modules/Booking/Controllers/BookingController.php(697): Illuminate\\Foundation\\Bootstrap\\HandleExceptions->Illuminate\\Foundation\\Bootstrap\\{closure}(2, 'Undefined array...', '/Applications/M...', 697)
#2 /Applications/MAMP/htdocs/BookingCore/vendor/laravel/framework/src/Illuminate/Routing/Controller.php(54): Modules\\Booking\\Controllers\\BookingController->peachCheckout(Object(Illuminate\\Http\\Request))
#3 /Applications/MAMP/htdocs/BookingCore/vendor/laravel/framework/src/Illuminate/Routing/ControllerDispatcher.php(43): Illuminate\\Routing\\Controller->callAction('peachCheckout', Array)
#4 /Applications/MAMP/htdocs/BookingCore/vendor/laravel/framework/src/Illuminate/Routing/Route.php(260): Illuminate\\Routing\\ControllerDispatcher->dispatch(Object(Illuminate\\Routing\\Route), Object(Modules\\Booking\\Controllers\\BookingController), 'peachCheckout')
#5 /Applications/MAMP/htdocs/BookingCore/vendor/laravel/framework/src/Illuminate/Routing/Route.php(205): Illuminate\\Routing\\Route->runController()
#6 /Applications/MAMP/htdocs/BookingCore/vendor/laravel/framework/src/Illuminate/Routing/Router.php(798): Illuminate\\Routing\\Route->run()
#7 /Applications/MAMP/htdocs/BookingCore/vendor/laravel/framework/src/Illuminate/Pipeline/Pipeline.php(141): Illuminate\\Routing\\Router->Illuminate\\Routing\\{closure}(Object(Illuminate\\Http\\Request))
#8 /Applications/MAMP/htdocs/BookingCore/app/Http/Middleware/RequireChangePassword.php(41): Illuminate\\Pipeline\\Pipeline->Illuminate\\Pipeline\\{closure}(Object(Illuminate\\Http\\Request))
#9 /Applications/MAMP/htdocs/BookingCore/vendor/laravel/framework/src/Illuminate/Pipeline/Pipeline.php(180): App\\Http\\Middleware\\RequireChangePassword->handle(Object(Illuminate\\Http\\Request), Object(Closure))
#10 /Applications/MAMP/htdocs/BookingCore/app/Http/Middleware/SetLanguageForAdmin.php(37): Illuminate\\Pipeline\\Pipeline->Illuminate\\Pipeline\\{closure}(Object(Illuminate\\Http\\Request))
#11 /Applications/MAMP/htdocs/BookingCore/vendor/laravel/framework/src/Illuminate/Pipeline/Pipeline.php(180): App\\Http\\Middleware\\SetLanguageForAdmin->handle(Object(Illuminate\\Http\\Request), Object(Closure))
#12 /Applications/MAMP/htdocs/BookingCore/app/Http/Middleware/SetCurrentCurrency.php(48): Illuminate\\Pipeline\\Pipeline->Illuminate\\Pipeline\\{closure}(Object(Illuminate\\Http\\Request))
#13 /Applications/MAMP/htdocs/BookingCore/vendor/laravel/framework/src/Illuminate/Pipeline/Pipeline.php(180): App\\Http\\Middleware\\SetCurrentCurrency->handle(Object(Illuminate\\Http\\Request), Object(Closure))
#14 /Applications/MAMP/htdocs/BookingCore/app/Http/Middleware/HideDebugbar.php(32): Illuminate\\Pipeline\\Pipeline->Illuminate\\Pipeline\\{closure}(Object(Illuminate\\Http\\Request))
#15 /Applications/MAMP/htdocs/BookingCore/vendor/laravel/framework/src/Illuminate/Pipeline/Pipeline.php(180): App\\Http\\Middleware\\HideDebugbar->handle(Object(Illuminate\\Http\\Request), Object(Closure))
#16 /Applications/MAMP/htdocs/BookingCore/app/Http/Middleware/RedirectForMultiLanguage.php(58): Illuminate\\Pipeline\\Pipeline->Illuminate\\Pipeline\\{closure}(Object(Illuminate\\Http\\Request))
#17 /Applications/MAMP/htdocs/BookingCore/vendor/laravel/framework/src/Illuminate/Pipeline/Pipeline.php(180): App\\Http\\Middleware\\RedirectForMultiLanguage->handle(Object(Illuminate\\Http\\Request), Object(Closure))
#18 /Applications/MAMP/htdocs/BookingCore/vendor/laravel/framework/src/Illuminate/Routing/Middleware/SubstituteBindings.php(50): Illuminate\\Pipeline\\Pipeline->Illuminate\\Pipeline\\{closure}(Object(Illuminate\\Http\\Request))
#19 /Applications/MAMP/htdocs/BookingCore/vendor/laravel/framework/src/Illuminate/Pipeline/Pipeline.php(180): Illuminate\\Routing\\Middleware\\SubstituteBindings->handle(Object(Illuminate\\Http\\Request), Object(Closure))
#20 /Applications/MAMP/htdocs/BookingCore/vendor/laravel/framework/src/Illuminate/Foundation/Http/Middleware/VerifyCsrfToken.php(78): Illuminate\\Pipeline\\Pipeline->Illuminate\\Pipeline\\{closure}(Object(Illuminate\\Http\\Request))
#21 /Applications/MAMP/htdocs/BookingCore/vendor/laravel/framework/src/Illuminate/Pipeline/Pipeline.php(180): Illuminate\\Foundation\\Http\\Middleware\\VerifyCsrfToken->handle(Object(Illuminate\\Http\\Request), Object(Closure))
#22 /Applications/MAMP/htdocs/BookingCore/vendor/laravel/framework/src/Illuminate/View/Middleware/ShareErrorsFromSession.php(49): Illuminate\\Pipeline\\Pipeline->Illuminate\\Pipeline\\{closure}(Object(Illuminate\\Http\\Request))
#23 /Applications/MAMP/htdocs/BookingCore/vendor/laravel/framework/src/Illuminate/Pipeline/Pipeline.php(180): Illuminate\\View\\Middleware\\ShareErrorsFromSession->handle(Object(Illuminate\\Http\\Request), Object(Closure))
#24 /Applications/MAMP/htdocs/BookingCore/vendor/laravel/framework/src/Illuminate/Session/Middleware/StartSession.php(121): Illuminate\\Pipeline\\Pipeline->Illuminate\\Pipeline\\{closure}(Object(Illuminate\\Http\\Request))
#25 /Applications/MAMP/htdocs/BookingCore/vendor/laravel/framework/src/Illuminate/Session/Middleware/StartSession.php(64): Illuminate\\Session\\Middleware\\StartSession->handleStatefulRequest(Object(Illuminate\\Http\\Request), Object(Illuminate\\Session\\Store), Object(Closure))
#26 /Applications/MAMP/htdocs/BookingCore/vendor/laravel/framework/src/Illuminate/Pipeline/Pipeline.php(180): Illuminate\\Session\\Middleware\\StartSession->handle(Object(Illuminate\\Http\\Request), Object(Closure))
#27 /Applications/MAMP/htdocs/BookingCore/vendor/laravel/framework/src/Illuminate/Cookie/Middleware/AddQueuedCookiesToResponse.php(37): Illuminate\\Pipeline\\Pipeline->Illuminate\\Pipeline\\{closure}(Object(Illuminate\\Http\\Request))
#28 /Applications/MAMP/htdocs/BookingCore/vendor/laravel/framework/src/Illuminate/Pipeline/Pipeline.php(180): Illuminate\\Cookie\\Middleware\\AddQueuedCookiesToResponse->handle(Object(Illuminate\\Http\\Request), Object(Closure))
#29 /Applications/MAMP/htdocs/BookingCore/vendor/laravel/framework/src/Illuminate/Cookie/Middleware/EncryptCookies.php(67): Illuminate\\Pipeline\\Pipeline->Illuminate\\Pipeline\\{closure}(Object(Illuminate\\Http\\Request))
#30 /Applications/MAMP/htdocs/BookingCore/vendor/laravel/framework/src/Illuminate/Pipeline/Pipeline.php(180): Illuminate\\Cookie\\Middleware\\EncryptCookies->handle(Object(Illuminate\\Http\\Request), Object(Closure))
#31 /Applications/MAMP/htdocs/BookingCore/vendor/laravel/framework/src/Illuminate/Pipeline/Pipeline.php(116): Illuminate\\Pipeline\\Pipeline->Illuminate\\Pipeline\\{closure}(Object(Illuminate\\Http\\Request))
#32 /Applications/MAMP/htdocs/BookingCore/vendor/laravel/framework/src/Illuminate/Routing/Router.php(799): Illuminate\\Pipeline\\Pipeline->then(Object(Closure))
#33 /Applications/MAMP/htdocs/BookingCore/vendor/laravel/framework/src/Illuminate/Routing/Router.php(776): Illuminate\\Routing\\Router->runRouteWithinStack(Object(Illuminate\\Routing\\Route), Object(Illuminate\\Http\\Request))
#34 /Applications/MAMP/htdocs/BookingCore/vendor/laravel/framework/src/Illuminate/Routing/Router.php(740): Illuminate\\Routing\\Router->runRoute(Object(Illuminate\\Http\\Request), Object(Illuminate\\Routing\\Route))
#35 /Applications/MAMP/htdocs/BookingCore/vendor/laravel/framework/src/Illuminate/Routing/Router.php(729): Illuminate\\Routing\\Router->dispatchToRoute(Object(Illuminate\\Http\\Request))
#36 /Applications/MAMP/htdocs/BookingCore/vendor/laravel/framework/src/Illuminate/Foundation/Http/Kernel.php(190): Illuminate\\Routing\\Router->dispatch(Object(Illuminate\\Http\\Request))
#37 /Applications/MAMP/htdocs/BookingCore/vendor/laravel/framework/src/Illuminate/Pipeline/Pipeline.php(141): Illuminate\\Foundation\\Http\\Kernel->Illuminate\\Foundation\\Http\\{closure}(Object(Illuminate\\Http\\Request))
#38 /Applications/MAMP/htdocs/BookingCore/themes/Base/Core/Middleware/RunUpdater.php(76): Illuminate\\Pipeline\\Pipeline->Illuminate\\Pipeline\\{closure}(Object(Illuminate\\Http\\Request))
#39 /Applications/MAMP/htdocs/BookingCore/vendor/laravel/framework/src/Illuminate/Pipeline/Pipeline.php(180): Themes\\Base\\Core\\Middleware\\RunUpdater->handle(Object(Illuminate\\Http\\Request), Object(Closure))
#40 /Applications/MAMP/htdocs/BookingCore/vendor/barryvdh/laravel-debugbar/src/Middleware/InjectDebugbar.php(66): Illuminate\\Pipeline\\Pipeline->Illuminate\\Pipeline\\{closure}(Object(Illuminate\\Http\\Request))
#41 /Applications/MAMP/htdocs/BookingCore/vendor/laravel/framework/src/Illuminate/Pipeline/Pipeline.php(180): Barryvdh\\Debugbar\\Middleware\\InjectDebugbar->handle(Object(Illuminate\\Http\\Request), Object(Closure))
#42 /Applications/MAMP/htdocs/BookingCore/vendor/laravel/framework/src/Illuminate/Foundation/Http/Middleware/TransformsRequest.php(21): Illuminate\\Pipeline\\Pipeline->Illuminate\\Pipeline\\{closure}(Object(Illuminate\\Http\\Request))
#43 /Applications/MAMP/htdocs/BookingCore/vendor/laravel/framework/src/Illuminate/Foundation/Http/Middleware/ConvertEmptyStringsToNull.php(31): Illuminate\\Foundation\\Http\\Middleware\\TransformsRequest->handle(Object(Illuminate\\Http\\Request), Object(Closure))
#44 /Applications/MAMP/htdocs/BookingCore/vendor/laravel/framework/src/Illuminate/Pipeline/Pipeline.php(180): Illuminate\\Foundation\\Http\\Middleware\\ConvertEmptyStringsToNull->handle(Object(Illuminate\\Http\\Request), Object(Closure))
#45 /Applications/MAMP/htdocs/BookingCore/vendor/laravel/framework/src/Illuminate/Foundation/Http/Middleware/TransformsRequest.php(21): Illuminate\\Pipeline\\Pipeline->Illuminate\\Pipeline\\{closure}(Object(Illuminate\\Http\\Request))
#46 /Applications/MAMP/htdocs/BookingCore/vendor/laravel/framework/src/Illuminate/Foundation/Http/Middleware/TrimStrings.php(40): Illuminate\\Foundation\\Http\\Middleware\\TransformsRequest->handle(Object(Illuminate\\Http\\Request), Object(Closure))
#47 /Applications/MAMP/htdocs/BookingCore/vendor/laravel/framework/src/Illuminate/Pipeline/Pipeline.php(180): Illuminate\\Foundation\\Http\\Middleware\\TrimStrings->handle(Object(Illuminate\\Http\\Request), Object(Closure))
#48 /Applications/MAMP/htdocs/BookingCore/vendor/laravel/framework/src/Illuminate/Foundation/Http/Middleware/ValidatePostSize.php(27): Illuminate\\Pipeline\\Pipeline->Illuminate\\Pipeline\\{closure}(Object(Illuminate\\Http\\Request))
#49 /Applications/MAMP/htdocs/BookingCore/vendor/laravel/framework/src/Illuminate/Pipeline/Pipeline.php(180): Illuminate\\Foundation\\Http\\Middleware\\ValidatePostSize->handle(Object(Illuminate\\Http\\Request), Object(Closure))
#50 /Applications/MAMP/htdocs/BookingCore/vendor/laravel/framework/src/Illuminate/Foundation/Http/Middleware/PreventRequestsDuringMaintenance.php(86): Illuminate\\Pipeline\\Pipeline->Illuminate\\Pipeline\\{closure}(Object(Illuminate\\Http\\Request))
#51 /Applications/MAMP/htdocs/BookingCore/vendor/laravel/framework/src/Illuminate/Pipeline/Pipeline.php(180): Illuminate\\Foundation\\Http\\Middleware\\PreventRequestsDuringMaintenance->handle(Object(Illuminate\\Http\\Request), Object(Closure))
#52 /Applications/MAMP/htdocs/BookingCore/vendor/laravel/framework/src/Illuminate/Http/Middleware/HandleCors.php(49): Illuminate\\Pipeline\\Pipeline->Illuminate\\Pipeline\\{closure}(Object(Illuminate\\Http\\Request))
#53 /Applications/MAMP/htdocs/BookingCore/vendor/laravel/framework/src/Illuminate/Pipeline/Pipeline.php(180): Illuminate\\Http\\Middleware\\HandleCors->handle(Object(Illuminate\\Http\\Request), Object(Closure))
#54 /Applications/MAMP/htdocs/BookingCore/app/Http/Middleware/RedirectToInstaller.php(40): Illuminate\\Pipeline\\Pipeline->Illuminate\\Pipeline\\{closure}(Object(Illuminate\\Http\\Request))
#55 /Applications/MAMP/htdocs/BookingCore/vendor/laravel/framework/src/Illuminate/Pipeline/Pipeline.php(180): App\\Http\\Middleware\\RedirectToInstaller->handle(Object(Illuminate\\Http\\Request), Object(Closure))
#56 /Applications/MAMP/htdocs/BookingCore/vendor/laravel/framework/src/Illuminate/Http/Middleware/TrustProxies.php(39): Illuminate\\Pipeline\\Pipeline->Illuminate\\Pipeline\\{closure}(Object(Illuminate\\Http\\Request))
#57 /Applications/MAMP/htdocs/BookingCore/vendor/laravel/framework/src/Illuminate/Pipeline/Pipeline.php(180): Illuminate\\Http\\Middleware\\TrustProxies->handle(Object(Illuminate\\Http\\Request), Object(Closure))
#58 /Applications/MAMP/htdocs/BookingCore/vendor/laravel/framework/src/Illuminate/Pipeline/Pipeline.php(116): Illuminate\\Pipeline\\Pipeline->Illuminate\\Pipeline\\{closure}(Object(Illuminate\\Http\\Request))
#59 /Applications/MAMP/htdocs/BookingCore/vendor/laravel/framework/src/Illuminate/Foundation/Http/Kernel.php(165): Illuminate\\Pipeline\\Pipeline->then(Object(Closure))
#60 /Applications/MAMP/htdocs/BookingCore/vendor/laravel/framework/src/Illuminate/Foundation/Http/Kernel.php(134): Illuminate\\Foundation\\Http\\Kernel->sendRequestThroughRouter(Object(Illuminate\\Http\\Request))
#61 /Applications/MAMP/htdocs/BookingCore/public/index.php(75): Illuminate\\Foundation\\Http\\Kernel->handle(Object(Illuminate\\Http\\Request))
#62 /Applications/MAMP/htdocs/BookingCore/server.php(21): require_once('/Applications/M...')
#63 {main}
"} 
[2024-01-28 00:59:15] local.ERROR: Undefined array key "amount" {"userId":6,"exception":"[object] (ErrorException(code: 0): Undefined array key \"amount\" at /Applications/MAMP/htdocs/BookingCore/modules/Booking/Controllers/BookingController.php:697)
[stacktrace]
#0 /Applications/MAMP/htdocs/BookingCore/vendor/laravel/framework/src/Illuminate/Foundation/Bootstrap/HandleExceptions.php(270): Illuminate\\Foundation\\Bootstrap\\HandleExceptions->handleError(2, 'Undefined array...', '/Applications/M...', 697)
#1 /Applications/MAMP/htdocs/BookingCore/modules/Booking/Controllers/BookingController.php(697): Illuminate\\Foundation\\Bootstrap\\HandleExceptions->Illuminate\\Foundation\\Bootstrap\\{closure}(2, 'Undefined array...', '/Applications/M...', 697)
#2 /Applications/MAMP/htdocs/BookingCore/vendor/laravel/framework/src/Illuminate/Routing/Controller.php(54): Modules\\Booking\\Controllers\\BookingController->peachCheckout(Object(Illuminate\\Http\\Request))
#3 /Applications/MAMP/htdocs/BookingCore/vendor/laravel/framework/src/Illuminate/Routing/ControllerDispatcher.php(43): Illuminate\\Routing\\Controller->callAction('peachCheckout', Array)
#4 /Applications/MAMP/htdocs/BookingCore/vendor/laravel/framework/src/Illuminate/Routing/Route.php(260): Illuminate\\Routing\\ControllerDispatcher->dispatch(Object(Illuminate\\Routing\\Route), Object(Modules\\Booking\\Controllers\\BookingController), 'peachCheckout')
#5 /Applications/MAMP/htdocs/BookingCore/vendor/laravel/framework/src/Illuminate/Routing/Route.php(205): Illuminate\\Routing\\Route->runController()
#6 /Applications/MAMP/htdocs/BookingCore/vendor/laravel/framework/src/Illuminate/Routing/Router.php(798): Illuminate\\Routing\\Route->run()
#7 /Applications/MAMP/htdocs/BookingCore/vendor/laravel/framework/src/Illuminate/Pipeline/Pipeline.php(141): Illuminate\\Routing\\Router->Illuminate\\Routing\\{closure}(Object(Illuminate\\Http\\Request))
#8 /Applications/MAMP/htdocs/BookingCore/app/Http/Middleware/RequireChangePassword.php(41): Illuminate\\Pipeline\\Pipeline->Illuminate\\Pipeline\\{closure}(Object(Illuminate\\Http\\Request))
#9 /Applications/MAMP/htdocs/BookingCore/vendor/laravel/framework/src/Illuminate/Pipeline/Pipeline.php(180): App\\Http\\Middleware\\RequireChangePassword->handle(Object(Illuminate\\Http\\Request), Object(Closure))
#10 /Applications/MAMP/htdocs/BookingCore/app/Http/Middleware/SetLanguageForAdmin.php(37): Illuminate\\Pipeline\\Pipeline->Illuminate\\Pipeline\\{closure}(Object(Illuminate\\Http\\Request))
#11 /Applications/MAMP/htdocs/BookingCore/vendor/laravel/framework/src/Illuminate/Pipeline/Pipeline.php(180): App\\Http\\Middleware\\SetLanguageForAdmin->handle(Object(Illuminate\\Http\\Request), Object(Closure))
#12 /Applications/MAMP/htdocs/BookingCore/app/Http/Middleware/SetCurrentCurrency.php(48): Illuminate\\Pipeline\\Pipeline->Illuminate\\Pipeline\\{closure}(Object(Illuminate\\Http\\Request))
#13 /Applications/MAMP/htdocs/BookingCore/vendor/laravel/framework/src/Illuminate/Pipeline/Pipeline.php(180): App\\Http\\Middleware\\SetCurrentCurrency->handle(Object(Illuminate\\Http\\Request), Object(Closure))
#14 /Applications/MAMP/htdocs/BookingCore/app/Http/Middleware/HideDebugbar.php(32): Illuminate\\Pipeline\\Pipeline->Illuminate\\Pipeline\\{closure}(Object(Illuminate\\Http\\Request))
#15 /Applications/MAMP/htdocs/BookingCore/vendor/laravel/framework/src/Illuminate/Pipeline/Pipeline.php(180): App\\Http\\Middleware\\HideDebugbar->handle(Object(Illuminate\\Http\\Request), Object(Closure))
#16 /Applications/MAMP/htdocs/BookingCore/app/Http/Middleware/RedirectForMultiLanguage.php(58): Illuminate\\Pipeline\\Pipeline->Illuminate\\Pipeline\\{closure}(Object(Illuminate\\Http\\Request))
#17 /Applications/MAMP/htdocs/BookingCore/vendor/laravel/framework/src/Illuminate/Pipeline/Pipeline.php(180): App\\Http\\Middleware\\RedirectForMultiLanguage->handle(Object(Illuminate\\Http\\Request), Object(Closure))
#18 /Applications/MAMP/htdocs/BookingCore/vendor/laravel/framework/src/Illuminate/Routing/Middleware/SubstituteBindings.php(50): Illuminate\\Pipeline\\Pipeline->Illuminate\\Pipeline\\{closure}(Object(Illuminate\\Http\\Request))
#19 /Applications/MAMP/htdocs/BookingCore/vendor/laravel/framework/src/Illuminate/Pipeline/Pipeline.php(180): Illuminate\\Routing\\Middleware\\SubstituteBindings->handle(Object(Illuminate\\Http\\Request), Object(Closure))
#20 /Applications/MAMP/htdocs/BookingCore/vendor/laravel/framework/src/Illuminate/Foundation/Http/Middleware/VerifyCsrfToken.php(78): Illuminate\\Pipeline\\Pipeline->Illuminate\\Pipeline\\{closure}(Object(Illuminate\\Http\\Request))
#21 /Applications/MAMP/htdocs/BookingCore/vendor/laravel/framework/src/Illuminate/Pipeline/Pipeline.php(180): Illuminate\\Foundation\\Http\\Middleware\\VerifyCsrfToken->handle(Object(Illuminate\\Http\\Request), Object(Closure))
#22 /Applications/MAMP/htdocs/BookingCore/vendor/laravel/framework/src/Illuminate/View/Middleware/ShareErrorsFromSession.php(49): Illuminate\\Pipeline\\Pipeline->Illuminate\\Pipeline\\{closure}(Object(Illuminate\\Http\\Request))
#23 /Applications/MAMP/htdocs/BookingCore/vendor/laravel/framework/src/Illuminate/Pipeline/Pipeline.php(180): Illuminate\\View\\Middleware\\ShareErrorsFromSession->handle(Object(Illuminate\\Http\\Request), Object(Closure))
#24 /Applications/MAMP/htdocs/BookingCore/vendor/laravel/framework/src/Illuminate/Session/Middleware/StartSession.php(121): Illuminate\\Pipeline\\Pipeline->Illuminate\\Pipeline\\{closure}(Object(Illuminate\\Http\\Request))
#25 /Applications/MAMP/htdocs/BookingCore/vendor/laravel/framework/src/Illuminate/Session/Middleware/StartSession.php(64): Illuminate\\Session\\Middleware\\StartSession->handleStatefulRequest(Object(Illuminate\\Http\\Request), Object(Illuminate\\Session\\Store), Object(Closure))
#26 /Applications/MAMP/htdocs/BookingCore/vendor/laravel/framework/src/Illuminate/Pipeline/Pipeline.php(180): Illuminate\\Session\\Middleware\\StartSession->handle(Object(Illuminate\\Http\\Request), Object(Closure))
#27 /Applications/MAMP/htdocs/BookingCore/vendor/laravel/framework/src/Illuminate/Cookie/Middleware/AddQueuedCookiesToResponse.php(37): Illuminate\\Pipeline\\Pipeline->Illuminate\\Pipeline\\{closure}(Object(Illuminate\\Http\\Request))
#28 /Applications/MAMP/htdocs/BookingCore/vendor/laravel/framework/src/Illuminate/Pipeline/Pipeline.php(180): Illuminate\\Cookie\\Middleware\\AddQueuedCookiesToResponse->handle(Object(Illuminate\\Http\\Request), Object(Closure))
#29 /Applications/MAMP/htdocs/BookingCore/vendor/laravel/framework/src/Illuminate/Cookie/Middleware/EncryptCookies.php(67): Illuminate\\Pipeline\\Pipeline->Illuminate\\Pipeline\\{closure}(Object(Illuminate\\Http\\Request))
#30 /Applications/MAMP/htdocs/BookingCore/vendor/laravel/framework/src/Illuminate/Pipeline/Pipeline.php(180): Illuminate\\Cookie\\Middleware\\EncryptCookies->handle(Object(Illuminate\\Http\\Request), Object(Closure))
#31 /Applications/MAMP/htdocs/BookingCore/vendor/laravel/framework/src/Illuminate/Pipeline/Pipeline.php(116): Illuminate\\Pipeline\\Pipeline->Illuminate\\Pipeline\\{closure}(Object(Illuminate\\Http\\Request))
#32 /Applications/MAMP/htdocs/BookingCore/vendor/laravel/framework/src/Illuminate/Routing/Router.php(799): Illuminate\\Pipeline\\Pipeline->then(Object(Closure))
#33 /Applications/MAMP/htdocs/BookingCore/vendor/laravel/framework/src/Illuminate/Routing/Router.php(776): Illuminate\\Routing\\Router->runRouteWithinStack(Object(Illuminate\\Routing\\Route), Object(Illuminate\\Http\\Request))
#34 /Applications/MAMP/htdocs/BookingCore/vendor/laravel/framework/src/Illuminate/Routing/Router.php(740): Illuminate\\Routing\\Router->runRoute(Object(Illuminate\\Http\\Request), Object(Illuminate\\Routing\\Route))
#35 /Applications/MAMP/htdocs/BookingCore/vendor/laravel/framework/src/Illuminate/Routing/Router.php(729): Illuminate\\Routing\\Router->dispatchToRoute(Object(Illuminate\\Http\\Request))
#36 /Applications/MAMP/htdocs/BookingCore/vendor/laravel/framework/src/Illuminate/Foundation/Http/Kernel.php(190): Illuminate\\Routing\\Router->dispatch(Object(Illuminate\\Http\\Request))
#37 /Applications/MAMP/htdocs/BookingCore/vendor/laravel/framework/src/Illuminate/Pipeline/Pipeline.php(141): Illuminate\\Foundation\\Http\\Kernel->Illuminate\\Foundation\\Http\\{closure}(Object(Illuminate\\Http\\Request))
#38 /Applications/MAMP/htdocs/BookingCore/themes/Base/Core/Middleware/RunUpdater.php(76): Illuminate\\Pipeline\\Pipeline->Illuminate\\Pipeline\\{closure}(Object(Illuminate\\Http\\Request))
#39 /Applications/MAMP/htdocs/BookingCore/vendor/laravel/framework/src/Illuminate/Pipeline/Pipeline.php(180): Themes\\Base\\Core\\Middleware\\RunUpdater->handle(Object(Illuminate\\Http\\Request), Object(Closure))
#40 /Applications/MAMP/htdocs/BookingCore/vendor/barryvdh/laravel-debugbar/src/Middleware/InjectDebugbar.php(66): Illuminate\\Pipeline\\Pipeline->Illuminate\\Pipeline\\{closure}(Object(Illuminate\\Http\\Request))
#41 /Applications/MAMP/htdocs/BookingCore/vendor/laravel/framework/src/Illuminate/Pipeline/Pipeline.php(180): Barryvdh\\Debugbar\\Middleware\\InjectDebugbar->handle(Object(Illuminate\\Http\\Request), Object(Closure))
#42 /Applications/MAMP/htdocs/BookingCore/vendor/laravel/framework/src/Illuminate/Foundation/Http/Middleware/TransformsRequest.php(21): Illuminate\\Pipeline\\Pipeline->Illuminate\\Pipeline\\{closure}(Object(Illuminate\\Http\\Request))
#43 /Applications/MAMP/htdocs/BookingCore/vendor/laravel/framework/src/Illuminate/Foundation/Http/Middleware/ConvertEmptyStringsToNull.php(31): Illuminate\\Foundation\\Http\\Middleware\\TransformsRequest->handle(Object(Illuminate\\Http\\Request), Object(Closure))
#44 /Applications/MAMP/htdocs/BookingCore/vendor/laravel/framework/src/Illuminate/Pipeline/Pipeline.php(180): Illuminate\\Foundation\\Http\\Middleware\\ConvertEmptyStringsToNull->handle(Object(Illuminate\\Http\\Request), Object(Closure))
#45 /Applications/MAMP/htdocs/BookingCore/vendor/laravel/framework/src/Illuminate/Foundation/Http/Middleware/TransformsRequest.php(21): Illuminate\\Pipeline\\Pipeline->Illuminate\\Pipeline\\{closure}(Object(Illuminate\\Http\\Request))
#46 /Applications/MAMP/htdocs/BookingCore/vendor/laravel/framework/src/Illuminate/Foundation/Http/Middleware/TrimStrings.php(40): Illuminate\\Foundation\\Http\\Middleware\\TransformsRequest->handle(Object(Illuminate\\Http\\Request), Object(Closure))
#47 /Applications/MAMP/htdocs/BookingCore/vendor/laravel/framework/src/Illuminate/Pipeline/Pipeline.php(180): Illuminate\\Foundation\\Http\\Middleware\\TrimStrings->handle(Object(Illuminate\\Http\\Request), Object(Closure))
#48 /Applications/MAMP/htdocs/BookingCore/vendor/laravel/framework/src/Illuminate/Foundation/Http/Middleware/ValidatePostSize.php(27): Illuminate\\Pipeline\\Pipeline->Illuminate\\Pipeline\\{closure}(Object(Illuminate\\Http\\Request))
#49 /Applications/MAMP/htdocs/BookingCore/vendor/laravel/framework/src/Illuminate/Pipeline/Pipeline.php(180): Illuminate\\Foundation\\Http\\Middleware\\ValidatePostSize->handle(Object(Illuminate\\Http\\Request), Object(Closure))
#50 /Applications/MAMP/htdocs/BookingCore/vendor/laravel/framework/src/Illuminate/Foundation/Http/Middleware/PreventRequestsDuringMaintenance.php(86): Illuminate\\Pipeline\\Pipeline->Illuminate\\Pipeline\\{closure}(Object(Illuminate\\Http\\Request))
#51 /Applications/MAMP/htdocs/BookingCore/vendor/laravel/framework/src/Illuminate/Pipeline/Pipeline.php(180): Illuminate\\Foundation\\Http\\Middleware\\PreventRequestsDuringMaintenance->handle(Object(Illuminate\\Http\\Request), Object(Closure))
#52 /Applications/MAMP/htdocs/BookingCore/vendor/laravel/framework/src/Illuminate/Http/Middleware/HandleCors.php(49): Illuminate\\Pipeline\\Pipeline->Illuminate\\Pipeline\\{closure}(Object(Illuminate\\Http\\Request))
#53 /Applications/MAMP/htdocs/BookingCore/vendor/laravel/framework/src/Illuminate/Pipeline/Pipeline.php(180): Illuminate\\Http\\Middleware\\HandleCors->handle(Object(Illuminate\\Http\\Request), Object(Closure))
#54 /Applications/MAMP/htdocs/BookingCore/app/Http/Middleware/RedirectToInstaller.php(40): Illuminate\\Pipeline\\Pipeline->Illuminate\\Pipeline\\{closure}(Object(Illuminate\\Http\\Request))
#55 /Applications/MAMP/htdocs/BookingCore/vendor/laravel/framework/src/Illuminate/Pipeline/Pipeline.php(180): App\\Http\\Middleware\\RedirectToInstaller->handle(Object(Illuminate\\Http\\Request), Object(Closure))
#56 /Applications/MAMP/htdocs/BookingCore/vendor/laravel/framework/src/Illuminate/Http/Middleware/TrustProxies.php(39): Illuminate\\Pipeline\\Pipeline->Illuminate\\Pipeline\\{closure}(Object(Illuminate\\Http\\Request))
#57 /Applications/MAMP/htdocs/BookingCore/vendor/laravel/framework/src/Illuminate/Pipeline/Pipeline.php(180): Illuminate\\Http\\Middleware\\TrustProxies->handle(Object(Illuminate\\Http\\Request), Object(Closure))
#58 /Applications/MAMP/htdocs/BookingCore/vendor/laravel/framework/src/Illuminate/Pipeline/Pipeline.php(116): Illuminate\\Pipeline\\Pipeline->Illuminate\\Pipeline\\{closure}(Object(Illuminate\\Http\\Request))
#59 /Applications/MAMP/htdocs/BookingCore/vendor/laravel/framework/src/Illuminate/Foundation/Http/Kernel.php(165): Illuminate\\Pipeline\\Pipeline->then(Object(Closure))
#60 /Applications/MAMP/htdocs/BookingCore/vendor/laravel/framework/src/Illuminate/Foundation/Http/Kernel.php(134): Illuminate\\Foundation\\Http\\Kernel->sendRequestThroughRouter(Object(Illuminate\\Http\\Request))
#61 /Applications/MAMP/htdocs/BookingCore/public/index.php(75): Illuminate\\Foundation\\Http\\Kernel->handle(Object(Illuminate\\Http\\Request))
#62 /Applications/MAMP/htdocs/BookingCore/server.php(21): require_once('/Applications/M...')
#63 {main}
"} 
[2024-01-28 00:59:57] local.ERROR: Undefined array key "checkoutId" {"userId":6,"exception":"[object] (ErrorException(code: 0): Undefined array key \"checkoutId\" at /Applications/MAMP/htdocs/BookingCore/vendor/shaz3e/peach-payment/src/Helpers/PeachPayment.php:62)
[stacktrace]
#0 /Applications/MAMP/htdocs/BookingCore/vendor/laravel/framework/src/Illuminate/Foundation/Bootstrap/HandleExceptions.php(270): Illuminate\\Foundation\\Bootstrap\\HandleExceptions->handleError(2, 'Undefined array...', '/Applications/M...', 62)
#1 /Applications/MAMP/htdocs/BookingCore/vendor/shaz3e/peach-payment/src/Helpers/PeachPayment.php(62): Illuminate\\Foundation\\Bootstrap\\HandleExceptions->Illuminate\\Foundation\\Bootstrap\\{closure}(2, 'Undefined array...', '/Applications/M...', 62)
#2 /Applications/MAMP/htdocs/BookingCore/modules/Booking/Controllers/BookingController.php(701): Shaz3e\\PeachPayment\\Helpers\\PeachPayment::createCheckout(1780.0)
#3 /Applications/MAMP/htdocs/BookingCore/vendor/laravel/framework/src/Illuminate/Routing/Controller.php(54): Modules\\Booking\\Controllers\\BookingController->peachCheckout(Object(Illuminate\\Http\\Request))
#4 /Applications/MAMP/htdocs/BookingCore/vendor/laravel/framework/src/Illuminate/Routing/ControllerDispatcher.php(43): Illuminate\\Routing\\Controller->callAction('peachCheckout', Array)
#5 /Applications/MAMP/htdocs/BookingCore/vendor/laravel/framework/src/Illuminate/Routing/Route.php(260): Illuminate\\Routing\\ControllerDispatcher->dispatch(Object(Illuminate\\Routing\\Route), Object(Modules\\Booking\\Controllers\\BookingController), 'peachCheckout')
#6 /Applications/MAMP/htdocs/BookingCore/vendor/laravel/framework/src/Illuminate/Routing/Route.php(205): Illuminate\\Routing\\Route->runController()
#7 /Applications/MAMP/htdocs/BookingCore/vendor/laravel/framework/src/Illuminate/Routing/Router.php(798): Illuminate\\Routing\\Route->run()
#8 /Applications/MAMP/htdocs/BookingCore/vendor/laravel/framework/src/Illuminate/Pipeline/Pipeline.php(141): Illuminate\\Routing\\Router->Illuminate\\Routing\\{closure}(Object(Illuminate\\Http\\Request))
#9 /Applications/MAMP/htdocs/BookingCore/app/Http/Middleware/RequireChangePassword.php(41): Illuminate\\Pipeline\\Pipeline->Illuminate\\Pipeline\\{closure}(Object(Illuminate\\Http\\Request))
#10 /Applications/MAMP/htdocs/BookingCore/vendor/laravel/framework/src/Illuminate/Pipeline/Pipeline.php(180): App\\Http\\Middleware\\RequireChangePassword->handle(Object(Illuminate\\Http\\Request), Object(Closure))
#11 /Applications/MAMP/htdocs/BookingCore/app/Http/Middleware/SetLanguageForAdmin.php(37): Illuminate\\Pipeline\\Pipeline->Illuminate\\Pipeline\\{closure}(Object(Illuminate\\Http\\Request))
#12 /Applications/MAMP/htdocs/BookingCore/vendor/laravel/framework/src/Illuminate/Pipeline/Pipeline.php(180): App\\Http\\Middleware\\SetLanguageForAdmin->handle(Object(Illuminate\\Http\\Request), Object(Closure))
#13 /Applications/MAMP/htdocs/BookingCore/app/Http/Middleware/SetCurrentCurrency.php(48): Illuminate\\Pipeline\\Pipeline->Illuminate\\Pipeline\\{closure}(Object(Illuminate\\Http\\Request))
#14 /Applications/MAMP/htdocs/BookingCore/vendor/laravel/framework/src/Illuminate/Pipeline/Pipeline.php(180): App\\Http\\Middleware\\SetCurrentCurrency->handle(Object(Illuminate\\Http\\Request), Object(Closure))
#15 /Applications/MAMP/htdocs/BookingCore/app/Http/Middleware/HideDebugbar.php(32): Illuminate\\Pipeline\\Pipeline->Illuminate\\Pipeline\\{closure}(Object(Illuminate\\Http\\Request))
#16 /Applications/MAMP/htdocs/BookingCore/vendor/laravel/framework/src/Illuminate/Pipeline/Pipeline.php(180): App\\Http\\Middleware\\HideDebugbar->handle(Object(Illuminate\\Http\\Request), Object(Closure))
#17 /Applications/MAMP/htdocs/BookingCore/app/Http/Middleware/RedirectForMultiLanguage.php(58): Illuminate\\Pipeline\\Pipeline->Illuminate\\Pipeline\\{closure}(Object(Illuminate\\Http\\Request))
#18 /Applications/MAMP/htdocs/BookingCore/vendor/laravel/framework/src/Illuminate/Pipeline/Pipeline.php(180): App\\Http\\Middleware\\RedirectForMultiLanguage->handle(Object(Illuminate\\Http\\Request), Object(Closure))
#19 /Applications/MAMP/htdocs/BookingCore/vendor/laravel/framework/src/Illuminate/Routing/Middleware/SubstituteBindings.php(50): Illuminate\\Pipeline\\Pipeline->Illuminate\\Pipeline\\{closure}(Object(Illuminate\\Http\\Request))
#20 /Applications/MAMP/htdocs/BookingCore/vendor/laravel/framework/src/Illuminate/Pipeline/Pipeline.php(180): Illuminate\\Routing\\Middleware\\SubstituteBindings->handle(Object(Illuminate\\Http\\Request), Object(Closure))
#21 /Applications/MAMP/htdocs/BookingCore/vendor/laravel/framework/src/Illuminate/Foundation/Http/Middleware/VerifyCsrfToken.php(78): Illuminate\\Pipeline\\Pipeline->Illuminate\\Pipeline\\{closure}(Object(Illuminate\\Http\\Request))
#22 /Applications/MAMP/htdocs/BookingCore/vendor/laravel/framework/src/Illuminate/Pipeline/Pipeline.php(180): Illuminate\\Foundation\\Http\\Middleware\\VerifyCsrfToken->handle(Object(Illuminate\\Http\\Request), Object(Closure))
#23 /Applications/MAMP/htdocs/BookingCore/vendor/laravel/framework/src/Illuminate/View/Middleware/ShareErrorsFromSession.php(49): Illuminate\\Pipeline\\Pipeline->Illuminate\\Pipeline\\{closure}(Object(Illuminate\\Http\\Request))
#24 /Applications/MAMP/htdocs/BookingCore/vendor/laravel/framework/src/Illuminate/Pipeline/Pipeline.php(180): Illuminate\\View\\Middleware\\ShareErrorsFromSession->handle(Object(Illuminate\\Http\\Request), Object(Closure))
#25 /Applications/MAMP/htdocs/BookingCore/vendor/laravel/framework/src/Illuminate/Session/Middleware/StartSession.php(121): Illuminate\\Pipeline\\Pipeline->Illuminate\\Pipeline\\{closure}(Object(Illuminate\\Http\\Request))
#26 /Applications/MAMP/htdocs/BookingCore/vendor/laravel/framework/src/Illuminate/Session/Middleware/StartSession.php(64): Illuminate\\Session\\Middleware\\StartSession->handleStatefulRequest(Object(Illuminate\\Http\\Request), Object(Illuminate\\Session\\Store), Object(Closure))
#27 /Applications/MAMP/htdocs/BookingCore/vendor/laravel/framework/src/Illuminate/Pipeline/Pipeline.php(180): Illuminate\\Session\\Middleware\\StartSession->handle(Object(Illuminate\\Http\\Request), Object(Closure))
#28 /Applications/MAMP/htdocs/BookingCore/vendor/laravel/framework/src/Illuminate/Cookie/Middleware/AddQueuedCookiesToResponse.php(37): Illuminate\\Pipeline\\Pipeline->Illuminate\\Pipeline\\{closure}(Object(Illuminate\\Http\\Request))
#29 /Applications/MAMP/htdocs/BookingCore/vendor/laravel/framework/src/Illuminate/Pipeline/Pipeline.php(180): Illuminate\\Cookie\\Middleware\\AddQueuedCookiesToResponse->handle(Object(Illuminate\\Http\\Request), Object(Closure))
#30 /Applications/MAMP/htdocs/BookingCore/vendor/laravel/framework/src/Illuminate/Cookie/Middleware/EncryptCookies.php(67): Illuminate\\Pipeline\\Pipeline->Illuminate\\Pipeline\\{closure}(Object(Illuminate\\Http\\Request))
#31 /Applications/MAMP/htdocs/BookingCore/vendor/laravel/framework/src/Illuminate/Pipeline/Pipeline.php(180): Illuminate\\Cookie\\Middleware\\EncryptCookies->handle(Object(Illuminate\\Http\\Request), Object(Closure))
#32 /Applications/MAMP/htdocs/BookingCore/vendor/laravel/framework/src/Illuminate/Pipeline/Pipeline.php(116): Illuminate\\Pipeline\\Pipeline->Illuminate\\Pipeline\\{closure}(Object(Illuminate\\Http\\Request))
#33 /Applications/MAMP/htdocs/BookingCore/vendor/laravel/framework/src/Illuminate/Routing/Router.php(799): Illuminate\\Pipeline\\Pipeline->then(Object(Closure))
#34 /Applications/MAMP/htdocs/BookingCore/vendor/laravel/framework/src/Illuminate/Routing/Router.php(776): Illuminate\\Routing\\Router->runRouteWithinStack(Object(Illuminate\\Routing\\Route), Object(Illuminate\\Http\\Request))
#35 /Applications/MAMP/htdocs/BookingCore/vendor/laravel/framework/src/Illuminate/Routing/Router.php(740): Illuminate\\Routing\\Router->runRoute(Object(Illuminate\\Http\\Request), Object(Illuminate\\Routing\\Route))
#36 /Applications/MAMP/htdocs/BookingCore/vendor/laravel/framework/src/Illuminate/Routing/Router.php(729): Illuminate\\Routing\\Router->dispatchToRoute(Object(Illuminate\\Http\\Request))
#37 /Applications/MAMP/htdocs/BookingCore/vendor/laravel/framework/src/Illuminate/Foundation/Http/Kernel.php(190): Illuminate\\Routing\\Router->dispatch(Object(Illuminate\\Http\\Request))
#38 /Applications/MAMP/htdocs/BookingCore/vendor/laravel/framework/src/Illuminate/Pipeline/Pipeline.php(141): Illuminate\\Foundation\\Http\\Kernel->Illuminate\\Foundation\\Http\\{closure}(Object(Illuminate\\Http\\Request))
#39 /Applications/MAMP/htdocs/BookingCore/themes/Base/Core/Middleware/RunUpdater.php(76): Illuminate\\Pipeline\\Pipeline->Illuminate\\Pipeline\\{closure}(Object(Illuminate\\Http\\Request))
#40 /Applications/MAMP/htdocs/BookingCore/vendor/laravel/framework/src/Illuminate/Pipeline/Pipeline.php(180): Themes\\Base\\Core\\Middleware\\RunUpdater->handle(Object(Illuminate\\Http\\Request), Object(Closure))
#41 /Applications/MAMP/htdocs/BookingCore/vendor/barryvdh/laravel-debugbar/src/Middleware/InjectDebugbar.php(66): Illuminate\\Pipeline\\Pipeline->Illuminate\\Pipeline\\{closure}(Object(Illuminate\\Http\\Request))
#42 /Applications/MAMP/htdocs/BookingCore/vendor/laravel/framework/src/Illuminate/Pipeline/Pipeline.php(180): Barryvdh\\Debugbar\\Middleware\\InjectDebugbar->handle(Object(Illuminate\\Http\\Request), Object(Closure))
#43 /Applications/MAMP/htdocs/BookingCore/vendor/laravel/framework/src/Illuminate/Foundation/Http/Middleware/TransformsRequest.php(21): Illuminate\\Pipeline\\Pipeline->Illuminate\\Pipeline\\{closure}(Object(Illuminate\\Http\\Request))
#44 /Applications/MAMP/htdocs/BookingCore/vendor/laravel/framework/src/Illuminate/Foundation/Http/Middleware/ConvertEmptyStringsToNull.php(31): Illuminate\\Foundation\\Http\\Middleware\\TransformsRequest->handle(Object(Illuminate\\Http\\Request), Object(Closure))
#45 /Applications/MAMP/htdocs/BookingCore/vendor/laravel/framework/src/Illuminate/Pipeline/Pipeline.php(180): Illuminate\\Foundation\\Http\\Middleware\\ConvertEmptyStringsToNull->handle(Object(Illuminate\\Http\\Request), Object(Closure))
#46 /Applications/MAMP/htdocs/BookingCore/vendor/laravel/framework/src/Illuminate/Foundation/Http/Middleware/TransformsRequest.php(21): Illuminate\\Pipeline\\Pipeline->Illuminate\\Pipeline\\{closure}(Object(Illuminate\\Http\\Request))
#47 /Applications/MAMP/htdocs/BookingCore/vendor/laravel/framework/src/Illuminate/Foundation/Http/Middleware/TrimStrings.php(40): Illuminate\\Foundation\\Http\\Middleware\\TransformsRequest->handle(Object(Illuminate\\Http\\Request), Object(Closure))
#48 /Applications/MAMP/htdocs/BookingCore/vendor/laravel/framework/src/Illuminate/Pipeline/Pipeline.php(180): Illuminate\\Foundation\\Http\\Middleware\\TrimStrings->handle(Object(Illuminate\\Http\\Request), Object(Closure))
#49 /Applications/MAMP/htdocs/BookingCore/vendor/laravel/framework/src/Illuminate/Foundation/Http/Middleware/ValidatePostSize.php(27): Illuminate\\Pipeline\\Pipeline->Illuminate\\Pipeline\\{closure}(Object(Illuminate\\Http\\Request))
#50 /Applications/MAMP/htdocs/BookingCore/vendor/laravel/framework/src/Illuminate/Pipeline/Pipeline.php(180): Illuminate\\Foundation\\Http\\Middleware\\ValidatePostSize->handle(Object(Illuminate\\Http\\Request), Object(Closure))
#51 /Applications/MAMP/htdocs/BookingCore/vendor/laravel/framework/src/Illuminate/Foundation/Http/Middleware/PreventRequestsDuringMaintenance.php(86): Illuminate\\Pipeline\\Pipeline->Illuminate\\Pipeline\\{closure}(Object(Illuminate\\Http\\Request))
#52 /Applications/MAMP/htdocs/BookingCore/vendor/laravel/framework/src/Illuminate/Pipeline/Pipeline.php(180): Illuminate\\Foundation\\Http\\Middleware\\PreventRequestsDuringMaintenance->handle(Object(Illuminate\\Http\\Request), Object(Closure))
#53 /Applications/MAMP/htdocs/BookingCore/vendor/laravel/framework/src/Illuminate/Http/Middleware/HandleCors.php(49): Illuminate\\Pipeline\\Pipeline->Illuminate\\Pipeline\\{closure}(Object(Illuminate\\Http\\Request))
#54 /Applications/MAMP/htdocs/BookingCore/vendor/laravel/framework/src/Illuminate/Pipeline/Pipeline.php(180): Illuminate\\Http\\Middleware\\HandleCors->handle(Object(Illuminate\\Http\\Request), Object(Closure))
#55 /Applications/MAMP/htdocs/BookingCore/app/Http/Middleware/RedirectToInstaller.php(40): Illuminate\\Pipeline\\Pipeline->Illuminate\\Pipeline\\{closure}(Object(Illuminate\\Http\\Request))
#56 /Applications/MAMP/htdocs/BookingCore/vendor/laravel/framework/src/Illuminate/Pipeline/Pipeline.php(180): App\\Http\\Middleware\\RedirectToInstaller->handle(Object(Illuminate\\Http\\Request), Object(Closure))
#57 /Applications/MAMP/htdocs/BookingCore/vendor/laravel/framework/src/Illuminate/Http/Middleware/TrustProxies.php(39): Illuminate\\Pipeline\\Pipeline->Illuminate\\Pipeline\\{closure}(Object(Illuminate\\Http\\Request))
#58 /Applications/MAMP/htdocs/BookingCore/vendor/laravel/framework/src/Illuminate/Pipeline/Pipeline.php(180): Illuminate\\Http\\Middleware\\TrustProxies->handle(Object(Illuminate\\Http\\Request), Object(Closure))
#59 /Applications/MAMP/htdocs/BookingCore/vendor/laravel/framework/src/Illuminate/Pipeline/Pipeline.php(116): Illuminate\\Pipeline\\Pipeline->Illuminate\\Pipeline\\{closure}(Object(Illuminate\\Http\\Request))
#60 /Applications/MAMP/htdocs/BookingCore/vendor/laravel/framework/src/Illuminate/Foundation/Http/Kernel.php(165): Illuminate\\Pipeline\\Pipeline->then(Object(Closure))
#61 /Applications/MAMP/htdocs/BookingCore/vendor/laravel/framework/src/Illuminate/Foundation/Http/Kernel.php(134): Illuminate\\Foundation\\Http\\Kernel->sendRequestThroughRouter(Object(Illuminate\\Http\\Request))
#62 /Applications/MAMP/htdocs/BookingCore/public/index.php(75): Illuminate\\Foundation\\Http\\Kernel->handle(Object(Illuminate\\Http\\Request))
#63 /Applications/MAMP/htdocs/BookingCore/server.php(21): require_once('/Applications/M...')
#64 {main}
"} 
[2024-01-28 01:03:22] local.ERROR: Undefined array key "checkoutId" {"userId":6,"exception":"[object] (ErrorException(code: 0): Undefined array key \"checkoutId\" at /Applications/MAMP/htdocs/BookingCore/vendor/shaz3e/peach-payment/src/Helpers/PeachPayment.php:62)
[stacktrace]
#0 /Applications/MAMP/htdocs/BookingCore/vendor/laravel/framework/src/Illuminate/Foundation/Bootstrap/HandleExceptions.php(270): Illuminate\\Foundation\\Bootstrap\\HandleExceptions->handleError(2, 'Undefined array...', '/Applications/M...', 62)
#1 /Applications/MAMP/htdocs/BookingCore/vendor/shaz3e/peach-payment/src/Helpers/PeachPayment.php(62): Illuminate\\Foundation\\Bootstrap\\HandleExceptions->Illuminate\\Foundation\\Bootstrap\\{closure}(2, 'Undefined array...', '/Applications/M...', 62)
#2 /Applications/MAMP/htdocs/BookingCore/modules/Booking/Controllers/BookingController.php(701): Shaz3e\\PeachPayment\\Helpers\\PeachPayment::createCheckout(1780.0)
#3 /Applications/MAMP/htdocs/BookingCore/vendor/laravel/framework/src/Illuminate/Routing/Controller.php(54): Modules\\Booking\\Controllers\\BookingController->peachCheckout(Object(Illuminate\\Http\\Request))
#4 /Applications/MAMP/htdocs/BookingCore/vendor/laravel/framework/src/Illuminate/Routing/ControllerDispatcher.php(43): Illuminate\\Routing\\Controller->callAction('peachCheckout', Array)
#5 /Applications/MAMP/htdocs/BookingCore/vendor/laravel/framework/src/Illuminate/Routing/Route.php(260): Illuminate\\Routing\\ControllerDispatcher->dispatch(Object(Illuminate\\Routing\\Route), Object(Modules\\Booking\\Controllers\\BookingController), 'peachCheckout')
#6 /Applications/MAMP/htdocs/BookingCore/vendor/laravel/framework/src/Illuminate/Routing/Route.php(205): Illuminate\\Routing\\Route->runController()
#7 /Applications/MAMP/htdocs/BookingCore/vendor/laravel/framework/src/Illuminate/Routing/Router.php(798): Illuminate\\Routing\\Route->run()
#8 /Applications/MAMP/htdocs/BookingCore/vendor/laravel/framework/src/Illuminate/Pipeline/Pipeline.php(141): Illuminate\\Routing\\Router->Illuminate\\Routing\\{closure}(Object(Illuminate\\Http\\Request))
#9 /Applications/MAMP/htdocs/BookingCore/app/Http/Middleware/RequireChangePassword.php(41): Illuminate\\Pipeline\\Pipeline->Illuminate\\Pipeline\\{closure}(Object(Illuminate\\Http\\Request))
#10 /Applications/MAMP/htdocs/BookingCore/vendor/laravel/framework/src/Illuminate/Pipeline/Pipeline.php(180): App\\Http\\Middleware\\RequireChangePassword->handle(Object(Illuminate\\Http\\Request), Object(Closure))
#11 /Applications/MAMP/htdocs/BookingCore/app/Http/Middleware/SetLanguageForAdmin.php(37): Illuminate\\Pipeline\\Pipeline->Illuminate\\Pipeline\\{closure}(Object(Illuminate\\Http\\Request))
#12 /Applications/MAMP/htdocs/BookingCore/vendor/laravel/framework/src/Illuminate/Pipeline/Pipeline.php(180): App\\Http\\Middleware\\SetLanguageForAdmin->handle(Object(Illuminate\\Http\\Request), Object(Closure))
#13 /Applications/MAMP/htdocs/BookingCore/app/Http/Middleware/SetCurrentCurrency.php(48): Illuminate\\Pipeline\\Pipeline->Illuminate\\Pipeline\\{closure}(Object(Illuminate\\Http\\Request))
#14 /Applications/MAMP/htdocs/BookingCore/vendor/laravel/framework/src/Illuminate/Pipeline/Pipeline.php(180): App\\Http\\Middleware\\SetCurrentCurrency->handle(Object(Illuminate\\Http\\Request), Object(Closure))
#15 /Applications/MAMP/htdocs/BookingCore/app/Http/Middleware/HideDebugbar.php(32): Illuminate\\Pipeline\\Pipeline->Illuminate\\Pipeline\\{closure}(Object(Illuminate\\Http\\Request))
#16 /Applications/MAMP/htdocs/BookingCore/vendor/laravel/framework/src/Illuminate/Pipeline/Pipeline.php(180): App\\Http\\Middleware\\HideDebugbar->handle(Object(Illuminate\\Http\\Request), Object(Closure))
#17 /Applications/MAMP/htdocs/BookingCore/app/Http/Middleware/RedirectForMultiLanguage.php(58): Illuminate\\Pipeline\\Pipeline->Illuminate\\Pipeline\\{closure}(Object(Illuminate\\Http\\Request))
#18 /Applications/MAMP/htdocs/BookingCore/vendor/laravel/framework/src/Illuminate/Pipeline/Pipeline.php(180): App\\Http\\Middleware\\RedirectForMultiLanguage->handle(Object(Illuminate\\Http\\Request), Object(Closure))
#19 /Applications/MAMP/htdocs/BookingCore/vendor/laravel/framework/src/Illuminate/Routing/Middleware/SubstituteBindings.php(50): Illuminate\\Pipeline\\Pipeline->Illuminate\\Pipeline\\{closure}(Object(Illuminate\\Http\\Request))
#20 /Applications/MAMP/htdocs/BookingCore/vendor/laravel/framework/src/Illuminate/Pipeline/Pipeline.php(180): Illuminate\\Routing\\Middleware\\SubstituteBindings->handle(Object(Illuminate\\Http\\Request), Object(Closure))
#21 /Applications/MAMP/htdocs/BookingCore/vendor/laravel/framework/src/Illuminate/Foundation/Http/Middleware/VerifyCsrfToken.php(78): Illuminate\\Pipeline\\Pipeline->Illuminate\\Pipeline\\{closure}(Object(Illuminate\\Http\\Request))
#22 /Applications/MAMP/htdocs/BookingCore/vendor/laravel/framework/src/Illuminate/Pipeline/Pipeline.php(180): Illuminate\\Foundation\\Http\\Middleware\\VerifyCsrfToken->handle(Object(Illuminate\\Http\\Request), Object(Closure))
#23 /Applications/MAMP/htdocs/BookingCore/vendor/laravel/framework/src/Illuminate/View/Middleware/ShareErrorsFromSession.php(49): Illuminate\\Pipeline\\Pipeline->Illuminate\\Pipeline\\{closure}(Object(Illuminate\\Http\\Request))
#24 /Applications/MAMP/htdocs/BookingCore/vendor/laravel/framework/src/Illuminate/Pipeline/Pipeline.php(180): Illuminate\\View\\Middleware\\ShareErrorsFromSession->handle(Object(Illuminate\\Http\\Request), Object(Closure))
#25 /Applications/MAMP/htdocs/BookingCore/vendor/laravel/framework/src/Illuminate/Session/Middleware/StartSession.php(121): Illuminate\\Pipeline\\Pipeline->Illuminate\\Pipeline\\{closure}(Object(Illuminate\\Http\\Request))
#26 /Applications/MAMP/htdocs/BookingCore/vendor/laravel/framework/src/Illuminate/Session/Middleware/StartSession.php(64): Illuminate\\Session\\Middleware\\StartSession->handleStatefulRequest(Object(Illuminate\\Http\\Request), Object(Illuminate\\Session\\Store), Object(Closure))
#27 /Applications/MAMP/htdocs/BookingCore/vendor/laravel/framework/src/Illuminate/Pipeline/Pipeline.php(180): Illuminate\\Session\\Middleware\\StartSession->handle(Object(Illuminate\\Http\\Request), Object(Closure))
#28 /Applications/MAMP/htdocs/BookingCore/vendor/laravel/framework/src/Illuminate/Cookie/Middleware/AddQueuedCookiesToResponse.php(37): Illuminate\\Pipeline\\Pipeline->Illuminate\\Pipeline\\{closure}(Object(Illuminate\\Http\\Request))
#29 /Applications/MAMP/htdocs/BookingCore/vendor/laravel/framework/src/Illuminate/Pipeline/Pipeline.php(180): Illuminate\\Cookie\\Middleware\\AddQueuedCookiesToResponse->handle(Object(Illuminate\\Http\\Request), Object(Closure))
#30 /Applications/MAMP/htdocs/BookingCore/vendor/laravel/framework/src/Illuminate/Cookie/Middleware/EncryptCookies.php(67): Illuminate\\Pipeline\\Pipeline->Illuminate\\Pipeline\\{closure}(Object(Illuminate\\Http\\Request))
#31 /Applications/MAMP/htdocs/BookingCore/vendor/laravel/framework/src/Illuminate/Pipeline/Pipeline.php(180): Illuminate\\Cookie\\Middleware\\EncryptCookies->handle(Object(Illuminate\\Http\\Request), Object(Closure))
#32 /Applications/MAMP/htdocs/BookingCore/vendor/laravel/framework/src/Illuminate/Pipeline/Pipeline.php(116): Illuminate\\Pipeline\\Pipeline->Illuminate\\Pipeline\\{closure}(Object(Illuminate\\Http\\Request))
#33 /Applications/MAMP/htdocs/BookingCore/vendor/laravel/framework/src/Illuminate/Routing/Router.php(799): Illuminate\\Pipeline\\Pipeline->then(Object(Closure))
#34 /Applications/MAMP/htdocs/BookingCore/vendor/laravel/framework/src/Illuminate/Routing/Router.php(776): Illuminate\\Routing\\Router->runRouteWithinStack(Object(Illuminate\\Routing\\Route), Object(Illuminate\\Http\\Request))
#35 /Applications/MAMP/htdocs/BookingCore/vendor/laravel/framework/src/Illuminate/Routing/Router.php(740): Illuminate\\Routing\\Router->runRoute(Object(Illuminate\\Http\\Request), Object(Illuminate\\Routing\\Route))
#36 /Applications/MAMP/htdocs/BookingCore/vendor/laravel/framework/src/Illuminate/Routing/Router.php(729): Illuminate\\Routing\\Router->dispatchToRoute(Object(Illuminate\\Http\\Request))
#37 /Applications/MAMP/htdocs/BookingCore/vendor/laravel/framework/src/Illuminate/Foundation/Http/Kernel.php(190): Illuminate\\Routing\\Router->dispatch(Object(Illuminate\\Http\\Request))
#38 /Applications/MAMP/htdocs/BookingCore/vendor/laravel/framework/src/Illuminate/Pipeline/Pipeline.php(141): Illuminate\\Foundation\\Http\\Kernel->Illuminate\\Foundation\\Http\\{closure}(Object(Illuminate\\Http\\Request))
#39 /Applications/MAMP/htdocs/BookingCore/themes/Base/Core/Middleware/RunUpdater.php(76): Illuminate\\Pipeline\\Pipeline->Illuminate\\Pipeline\\{closure}(Object(Illuminate\\Http\\Request))
#40 /Applications/MAMP/htdocs/BookingCore/vendor/laravel/framework/src/Illuminate/Pipeline/Pipeline.php(180): Themes\\Base\\Core\\Middleware\\RunUpdater->handle(Object(Illuminate\\Http\\Request), Object(Closure))
#41 /Applications/MAMP/htdocs/BookingCore/vendor/barryvdh/laravel-debugbar/src/Middleware/InjectDebugbar.php(66): Illuminate\\Pipeline\\Pipeline->Illuminate\\Pipeline\\{closure}(Object(Illuminate\\Http\\Request))
#42 /Applications/MAMP/htdocs/BookingCore/vendor/laravel/framework/src/Illuminate/Pipeline/Pipeline.php(180): Barryvdh\\Debugbar\\Middleware\\InjectDebugbar->handle(Object(Illuminate\\Http\\Request), Object(Closure))
#43 /Applications/MAMP/htdocs/BookingCore/vendor/laravel/framework/src/Illuminate/Foundation/Http/Middleware/TransformsRequest.php(21): Illuminate\\Pipeline\\Pipeline->Illuminate\\Pipeline\\{closure}(Object(Illuminate\\Http\\Request))
#44 /Applications/MAMP/htdocs/BookingCore/vendor/laravel/framework/src/Illuminate/Foundation/Http/Middleware/ConvertEmptyStringsToNull.php(31): Illuminate\\Foundation\\Http\\Middleware\\TransformsRequest->handle(Object(Illuminate\\Http\\Request), Object(Closure))
#45 /Applications/MAMP/htdocs/BookingCore/vendor/laravel/framework/src/Illuminate/Pipeline/Pipeline.php(180): Illuminate\\Foundation\\Http\\Middleware\\ConvertEmptyStringsToNull->handle(Object(Illuminate\\Http\\Request), Object(Closure))
#46 /Applications/MAMP/htdocs/BookingCore/vendor/laravel/framework/src/Illuminate/Foundation/Http/Middleware/TransformsRequest.php(21): Illuminate\\Pipeline\\Pipeline->Illuminate\\Pipeline\\{closure}(Object(Illuminate\\Http\\Request))
#47 /Applications/MAMP/htdocs/BookingCore/vendor/laravel/framework/src/Illuminate/Foundation/Http/Middleware/TrimStrings.php(40): Illuminate\\Foundation\\Http\\Middleware\\TransformsRequest->handle(Object(Illuminate\\Http\\Request), Object(Closure))
#48 /Applications/MAMP/htdocs/BookingCore/vendor/laravel/framework/src/Illuminate/Pipeline/Pipeline.php(180): Illuminate\\Foundation\\Http\\Middleware\\TrimStrings->handle(Object(Illuminate\\Http\\Request), Object(Closure))
#49 /Applications/MAMP/htdocs/BookingCore/vendor/laravel/framework/src/Illuminate/Foundation/Http/Middleware/ValidatePostSize.php(27): Illuminate\\Pipeline\\Pipeline->Illuminate\\Pipeline\\{closure}(Object(Illuminate\\Http\\Request))
#50 /Applications/MAMP/htdocs/BookingCore/vendor/laravel/framework/src/Illuminate/Pipeline/Pipeline.php(180): Illuminate\\Foundation\\Http\\Middleware\\ValidatePostSize->handle(Object(Illuminate\\Http\\Request), Object(Closure))
#51 /Applications/MAMP/htdocs/BookingCore/vendor/laravel/framework/src/Illuminate/Foundation/Http/Middleware/PreventRequestsDuringMaintenance.php(86): Illuminate\\Pipeline\\Pipeline->Illuminate\\Pipeline\\{closure}(Object(Illuminate\\Http\\Request))
#52 /Applications/MAMP/htdocs/BookingCore/vendor/laravel/framework/src/Illuminate/Pipeline/Pipeline.php(180): Illuminate\\Foundation\\Http\\Middleware\\PreventRequestsDuringMaintenance->handle(Object(Illuminate\\Http\\Request), Object(Closure))
#53 /Applications/MAMP/htdocs/BookingCore/vendor/laravel/framework/src/Illuminate/Http/Middleware/HandleCors.php(49): Illuminate\\Pipeline\\Pipeline->Illuminate\\Pipeline\\{closure}(Object(Illuminate\\Http\\Request))
#54 /Applications/MAMP/htdocs/BookingCore/vendor/laravel/framework/src/Illuminate/Pipeline/Pipeline.php(180): Illuminate\\Http\\Middleware\\HandleCors->handle(Object(Illuminate\\Http\\Request), Object(Closure))
#55 /Applications/MAMP/htdocs/BookingCore/app/Http/Middleware/RedirectToInstaller.php(40): Illuminate\\Pipeline\\Pipeline->Illuminate\\Pipeline\\{closure}(Object(Illuminate\\Http\\Request))
#56 /Applications/MAMP/htdocs/BookingCore/vendor/laravel/framework/src/Illuminate/Pipeline/Pipeline.php(180): App\\Http\\Middleware\\RedirectToInstaller->handle(Object(Illuminate\\Http\\Request), Object(Closure))
#57 /Applications/MAMP/htdocs/BookingCore/vendor/laravel/framework/src/Illuminate/Http/Middleware/TrustProxies.php(39): Illuminate\\Pipeline\\Pipeline->Illuminate\\Pipeline\\{closure}(Object(Illuminate\\Http\\Request))
#58 /Applications/MAMP/htdocs/BookingCore/vendor/laravel/framework/src/Illuminate/Pipeline/Pipeline.php(180): Illuminate\\Http\\Middleware\\TrustProxies->handle(Object(Illuminate\\Http\\Request), Object(Closure))
#59 /Applications/MAMP/htdocs/BookingCore/vendor/laravel/framework/src/Illuminate/Pipeline/Pipeline.php(116): Illuminate\\Pipeline\\Pipeline->Illuminate\\Pipeline\\{closure}(Object(Illuminate\\Http\\Request))
#60 /Applications/MAMP/htdocs/BookingCore/vendor/laravel/framework/src/Illuminate/Foundation/Http/Kernel.php(165): Illuminate\\Pipeline\\Pipeline->then(Object(Closure))
#61 /Applications/MAMP/htdocs/BookingCore/vendor/laravel/framework/src/Illuminate/Foundation/Http/Kernel.php(134): Illuminate\\Foundation\\Http\\Kernel->sendRequestThroughRouter(Object(Illuminate\\Http\\Request))
#62 /Applications/MAMP/htdocs/BookingCore/public/index.php(75): Illuminate\\Foundation\\Http\\Kernel->handle(Object(Illuminate\\Http\\Request))
#63 /Applications/MAMP/htdocs/BookingCore/server.php(21): require_once('/Applications/M...')
#64 {main}
"} 
[2024-01-28 01:04:49] local.ERROR: Undefined array key "amount" {"exception":"[object] (ErrorException(code: 0): Undefined array key \"amount\" at /Applications/MAMP/htdocs/BookingCore/modules/Booking/Controllers/BookingController.php:697)
[stacktrace]
#0 /Applications/MAMP/htdocs/BookingCore/vendor/laravel/framework/src/Illuminate/Foundation/Bootstrap/HandleExceptions.php(270): Illuminate\\Foundation\\Bootstrap\\HandleExceptions->handleError(2, 'Undefined array...', '/Applications/M...', 697)
#1 /Applications/MAMP/htdocs/BookingCore/modules/Booking/Controllers/BookingController.php(697): Illuminate\\Foundation\\Bootstrap\\HandleExceptions->Illuminate\\Foundation\\Bootstrap\\{closure}(2, 'Undefined array...', '/Applications/M...', 697)
#2 /Applications/MAMP/htdocs/BookingCore/vendor/laravel/framework/src/Illuminate/Routing/Controller.php(54): Modules\\Booking\\Controllers\\BookingController->peachCheckout(Object(Illuminate\\Http\\Request))
#3 /Applications/MAMP/htdocs/BookingCore/vendor/laravel/framework/src/Illuminate/Routing/ControllerDispatcher.php(43): Illuminate\\Routing\\Controller->callAction('peachCheckout', Array)
#4 /Applications/MAMP/htdocs/BookingCore/vendor/laravel/framework/src/Illuminate/Routing/Route.php(260): Illuminate\\Routing\\ControllerDispatcher->dispatch(Object(Illuminate\\Routing\\Route), Object(Modules\\Booking\\Controllers\\BookingController), 'peachCheckout')
#5 /Applications/MAMP/htdocs/BookingCore/vendor/laravel/framework/src/Illuminate/Routing/Route.php(205): Illuminate\\Routing\\Route->runController()
#6 /Applications/MAMP/htdocs/BookingCore/vendor/laravel/framework/src/Illuminate/Routing/Router.php(798): Illuminate\\Routing\\Route->run()
#7 /Applications/MAMP/htdocs/BookingCore/vendor/laravel/framework/src/Illuminate/Pipeline/Pipeline.php(141): Illuminate\\Routing\\Router->Illuminate\\Routing\\{closure}(Object(Illuminate\\Http\\Request))
#8 /Applications/MAMP/htdocs/BookingCore/app/Http/Middleware/RequireChangePassword.php(41): Illuminate\\Pipeline\\Pipeline->Illuminate\\Pipeline\\{closure}(Object(Illuminate\\Http\\Request))
#9 /Applications/MAMP/htdocs/BookingCore/vendor/laravel/framework/src/Illuminate/Pipeline/Pipeline.php(180): App\\Http\\Middleware\\RequireChangePassword->handle(Object(Illuminate\\Http\\Request), Object(Closure))
#10 /Applications/MAMP/htdocs/BookingCore/app/Http/Middleware/SetLanguageForAdmin.php(37): Illuminate\\Pipeline\\Pipeline->Illuminate\\Pipeline\\{closure}(Object(Illuminate\\Http\\Request))
#11 /Applications/MAMP/htdocs/BookingCore/vendor/laravel/framework/src/Illuminate/Pipeline/Pipeline.php(180): App\\Http\\Middleware\\SetLanguageForAdmin->handle(Object(Illuminate\\Http\\Request), Object(Closure))
#12 /Applications/MAMP/htdocs/BookingCore/app/Http/Middleware/SetCurrentCurrency.php(48): Illuminate\\Pipeline\\Pipeline->Illuminate\\Pipeline\\{closure}(Object(Illuminate\\Http\\Request))
#13 /Applications/MAMP/htdocs/BookingCore/vendor/laravel/framework/src/Illuminate/Pipeline/Pipeline.php(180): App\\Http\\Middleware\\SetCurrentCurrency->handle(Object(Illuminate\\Http\\Request), Object(Closure))
#14 /Applications/MAMP/htdocs/BookingCore/app/Http/Middleware/HideDebugbar.php(32): Illuminate\\Pipeline\\Pipeline->Illuminate\\Pipeline\\{closure}(Object(Illuminate\\Http\\Request))
#15 /Applications/MAMP/htdocs/BookingCore/vendor/laravel/framework/src/Illuminate/Pipeline/Pipeline.php(180): App\\Http\\Middleware\\HideDebugbar->handle(Object(Illuminate\\Http\\Request), Object(Closure))
#16 /Applications/MAMP/htdocs/BookingCore/app/Http/Middleware/RedirectForMultiLanguage.php(58): Illuminate\\Pipeline\\Pipeline->Illuminate\\Pipeline\\{closure}(Object(Illuminate\\Http\\Request))
#17 /Applications/MAMP/htdocs/BookingCore/vendor/laravel/framework/src/Illuminate/Pipeline/Pipeline.php(180): App\\Http\\Middleware\\RedirectForMultiLanguage->handle(Object(Illuminate\\Http\\Request), Object(Closure))
#18 /Applications/MAMP/htdocs/BookingCore/vendor/laravel/framework/src/Illuminate/Routing/Middleware/SubstituteBindings.php(50): Illuminate\\Pipeline\\Pipeline->Illuminate\\Pipeline\\{closure}(Object(Illuminate\\Http\\Request))
#19 /Applications/MAMP/htdocs/BookingCore/vendor/laravel/framework/src/Illuminate/Pipeline/Pipeline.php(180): Illuminate\\Routing\\Middleware\\SubstituteBindings->handle(Object(Illuminate\\Http\\Request), Object(Closure))
#20 /Applications/MAMP/htdocs/BookingCore/vendor/laravel/framework/src/Illuminate/Foundation/Http/Middleware/VerifyCsrfToken.php(78): Illuminate\\Pipeline\\Pipeline->Illuminate\\Pipeline\\{closure}(Object(Illuminate\\Http\\Request))
#21 /Applications/MAMP/htdocs/BookingCore/vendor/laravel/framework/src/Illuminate/Pipeline/Pipeline.php(180): Illuminate\\Foundation\\Http\\Middleware\\VerifyCsrfToken->handle(Object(Illuminate\\Http\\Request), Object(Closure))
#22 /Applications/MAMP/htdocs/BookingCore/vendor/laravel/framework/src/Illuminate/View/Middleware/ShareErrorsFromSession.php(49): Illuminate\\Pipeline\\Pipeline->Illuminate\\Pipeline\\{closure}(Object(Illuminate\\Http\\Request))
#23 /Applications/MAMP/htdocs/BookingCore/vendor/laravel/framework/src/Illuminate/Pipeline/Pipeline.php(180): Illuminate\\View\\Middleware\\ShareErrorsFromSession->handle(Object(Illuminate\\Http\\Request), Object(Closure))
#24 /Applications/MAMP/htdocs/BookingCore/vendor/laravel/framework/src/Illuminate/Session/Middleware/StartSession.php(121): Illuminate\\Pipeline\\Pipeline->Illuminate\\Pipeline\\{closure}(Object(Illuminate\\Http\\Request))
#25 /Applications/MAMP/htdocs/BookingCore/vendor/laravel/framework/src/Illuminate/Session/Middleware/StartSession.php(64): Illuminate\\Session\\Middleware\\StartSession->handleStatefulRequest(Object(Illuminate\\Http\\Request), Object(Illuminate\\Session\\Store), Object(Closure))
#26 /Applications/MAMP/htdocs/BookingCore/vendor/laravel/framework/src/Illuminate/Pipeline/Pipeline.php(180): Illuminate\\Session\\Middleware\\StartSession->handle(Object(Illuminate\\Http\\Request), Object(Closure))
#27 /Applications/MAMP/htdocs/BookingCore/vendor/laravel/framework/src/Illuminate/Cookie/Middleware/AddQueuedCookiesToResponse.php(37): Illuminate\\Pipeline\\Pipeline->Illuminate\\Pipeline\\{closure}(Object(Illuminate\\Http\\Request))
#28 /Applications/MAMP/htdocs/BookingCore/vendor/laravel/framework/src/Illuminate/Pipeline/Pipeline.php(180): Illuminate\\Cookie\\Middleware\\AddQueuedCookiesToResponse->handle(Object(Illuminate\\Http\\Request), Object(Closure))
#29 /Applications/MAMP/htdocs/BookingCore/vendor/laravel/framework/src/Illuminate/Cookie/Middleware/EncryptCookies.php(67): Illuminate\\Pipeline\\Pipeline->Illuminate\\Pipeline\\{closure}(Object(Illuminate\\Http\\Request))
#30 /Applications/MAMP/htdocs/BookingCore/vendor/laravel/framework/src/Illuminate/Pipeline/Pipeline.php(180): Illuminate\\Cookie\\Middleware\\EncryptCookies->handle(Object(Illuminate\\Http\\Request), Object(Closure))
#31 /Applications/MAMP/htdocs/BookingCore/vendor/laravel/framework/src/Illuminate/Pipeline/Pipeline.php(116): Illuminate\\Pipeline\\Pipeline->Illuminate\\Pipeline\\{closure}(Object(Illuminate\\Http\\Request))
#32 /Applications/MAMP/htdocs/BookingCore/vendor/laravel/framework/src/Illuminate/Routing/Router.php(799): Illuminate\\Pipeline\\Pipeline->then(Object(Closure))
#33 /Applications/MAMP/htdocs/BookingCore/vendor/laravel/framework/src/Illuminate/Routing/Router.php(776): Illuminate\\Routing\\Router->runRouteWithinStack(Object(Illuminate\\Routing\\Route), Object(Illuminate\\Http\\Request))
#34 /Applications/MAMP/htdocs/BookingCore/vendor/laravel/framework/src/Illuminate/Routing/Router.php(740): Illuminate\\Routing\\Router->runRoute(Object(Illuminate\\Http\\Request), Object(Illuminate\\Routing\\Route))
#35 /Applications/MAMP/htdocs/BookingCore/vendor/laravel/framework/src/Illuminate/Routing/Router.php(729): Illuminate\\Routing\\Router->dispatchToRoute(Object(Illuminate\\Http\\Request))
#36 /Applications/MAMP/htdocs/BookingCore/vendor/laravel/framework/src/Illuminate/Foundation/Http/Kernel.php(190): Illuminate\\Routing\\Router->dispatch(Object(Illuminate\\Http\\Request))
#37 /Applications/MAMP/htdocs/BookingCore/vendor/laravel/framework/src/Illuminate/Pipeline/Pipeline.php(141): Illuminate\\Foundation\\Http\\Kernel->Illuminate\\Foundation\\Http\\{closure}(Object(Illuminate\\Http\\Request))
#38 /Applications/MAMP/htdocs/BookingCore/themes/Base/Core/Middleware/RunUpdater.php(76): Illuminate\\Pipeline\\Pipeline->Illuminate\\Pipeline\\{closure}(Object(Illuminate\\Http\\Request))
#39 /Applications/MAMP/htdocs/BookingCore/vendor/laravel/framework/src/Illuminate/Pipeline/Pipeline.php(180): Themes\\Base\\Core\\Middleware\\RunUpdater->handle(Object(Illuminate\\Http\\Request), Object(Closure))
#40 /Applications/MAMP/htdocs/BookingCore/vendor/barryvdh/laravel-debugbar/src/Middleware/InjectDebugbar.php(66): Illuminate\\Pipeline\\Pipeline->Illuminate\\Pipeline\\{closure}(Object(Illuminate\\Http\\Request))
#41 /Applications/MAMP/htdocs/BookingCore/vendor/laravel/framework/src/Illuminate/Pipeline/Pipeline.php(180): Barryvdh\\Debugbar\\Middleware\\InjectDebugbar->handle(Object(Illuminate\\Http\\Request), Object(Closure))
#42 /Applications/MAMP/htdocs/BookingCore/vendor/laravel/framework/src/Illuminate/Foundation/Http/Middleware/TransformsRequest.php(21): Illuminate\\Pipeline\\Pipeline->Illuminate\\Pipeline\\{closure}(Object(Illuminate\\Http\\Request))
#43 /Applications/MAMP/htdocs/BookingCore/vendor/laravel/framework/src/Illuminate/Foundation/Http/Middleware/ConvertEmptyStringsToNull.php(31): Illuminate\\Foundation\\Http\\Middleware\\TransformsRequest->handle(Object(Illuminate\\Http\\Request), Object(Closure))
#44 /Applications/MAMP/htdocs/BookingCore/vendor/laravel/framework/src/Illuminate/Pipeline/Pipeline.php(180): Illuminate\\Foundation\\Http\\Middleware\\ConvertEmptyStringsToNull->handle(Object(Illuminate\\Http\\Request), Object(Closure))
#45 /Applications/MAMP/htdocs/BookingCore/vendor/laravel/framework/src/Illuminate/Foundation/Http/Middleware/TransformsRequest.php(21): Illuminate\\Pipeline\\Pipeline->Illuminate\\Pipeline\\{closure}(Object(Illuminate\\Http\\Request))
#46 /Applications/MAMP/htdocs/BookingCore/vendor/laravel/framework/src/Illuminate/Foundation/Http/Middleware/TrimStrings.php(40): Illuminate\\Foundation\\Http\\Middleware\\TransformsRequest->handle(Object(Illuminate\\Http\\Request), Object(Closure))
#47 /Applications/MAMP/htdocs/BookingCore/vendor/laravel/framework/src/Illuminate/Pipeline/Pipeline.php(180): Illuminate\\Foundation\\Http\\Middleware\\TrimStrings->handle(Object(Illuminate\\Http\\Request), Object(Closure))
#48 /Applications/MAMP/htdocs/BookingCore/vendor/laravel/framework/src/Illuminate/Foundation/Http/Middleware/ValidatePostSize.php(27): Illuminate\\Pipeline\\Pipeline->Illuminate\\Pipeline\\{closure}(Object(Illuminate\\Http\\Request))
#49 /Applications/MAMP/htdocs/BookingCore/vendor/laravel/framework/src/Illuminate/Pipeline/Pipeline.php(180): Illuminate\\Foundation\\Http\\Middleware\\ValidatePostSize->handle(Object(Illuminate\\Http\\Request), Object(Closure))
#50 /Applications/MAMP/htdocs/BookingCore/vendor/laravel/framework/src/Illuminate/Foundation/Http/Middleware/PreventRequestsDuringMaintenance.php(86): Illuminate\\Pipeline\\Pipeline->Illuminate\\Pipeline\\{closure}(Object(Illuminate\\Http\\Request))
#51 /Applications/MAMP/htdocs/BookingCore/vendor/laravel/framework/src/Illuminate/Pipeline/Pipeline.php(180): Illuminate\\Foundation\\Http\\Middleware\\PreventRequestsDuringMaintenance->handle(Object(Illuminate\\Http\\Request), Object(Closure))
#52 /Applications/MAMP/htdocs/BookingCore/vendor/laravel/framework/src/Illuminate/Http/Middleware/HandleCors.php(49): Illuminate\\Pipeline\\Pipeline->Illuminate\\Pipeline\\{closure}(Object(Illuminate\\Http\\Request))
#53 /Applications/MAMP/htdocs/BookingCore/vendor/laravel/framework/src/Illuminate/Pipeline/Pipeline.php(180): Illuminate\\Http\\Middleware\\HandleCors->handle(Object(Illuminate\\Http\\Request), Object(Closure))
#54 /Applications/MAMP/htdocs/BookingCore/app/Http/Middleware/RedirectToInstaller.php(40): Illuminate\\Pipeline\\Pipeline->Illuminate\\Pipeline\\{closure}(Object(Illuminate\\Http\\Request))
#55 /Applications/MAMP/htdocs/BookingCore/vendor/laravel/framework/src/Illuminate/Pipeline/Pipeline.php(180): App\\Http\\Middleware\\RedirectToInstaller->handle(Object(Illuminate\\Http\\Request), Object(Closure))
#56 /Applications/MAMP/htdocs/BookingCore/vendor/laravel/framework/src/Illuminate/Http/Middleware/TrustProxies.php(39): Illuminate\\Pipeline\\Pipeline->Illuminate\\Pipeline\\{closure}(Object(Illuminate\\Http\\Request))
#57 /Applications/MAMP/htdocs/BookingCore/vendor/laravel/framework/src/Illuminate/Pipeline/Pipeline.php(180): Illuminate\\Http\\Middleware\\TrustProxies->handle(Object(Illuminate\\Http\\Request), Object(Closure))
#58 /Applications/MAMP/htdocs/BookingCore/vendor/laravel/framework/src/Illuminate/Pipeline/Pipeline.php(116): Illuminate\\Pipeline\\Pipeline->Illuminate\\Pipeline\\{closure}(Object(Illuminate\\Http\\Request))
#59 /Applications/MAMP/htdocs/BookingCore/vendor/laravel/framework/src/Illuminate/Foundation/Http/Kernel.php(165): Illuminate\\Pipeline\\Pipeline->then(Object(Closure))
#60 /Applications/MAMP/htdocs/BookingCore/vendor/laravel/framework/src/Illuminate/Foundation/Http/Kernel.php(134): Illuminate\\Foundation\\Http\\Kernel->sendRequestThroughRouter(Object(Illuminate\\Http\\Request))
#61 /Applications/MAMP/htdocs/BookingCore/public/index.php(75): Illuminate\\Foundation\\Http\\Kernel->handle(Object(Illuminate\\Http\\Request))
#62 /Applications/MAMP/htdocs/BookingCore/server.php(21): require_once('/Applications/M...')
#63 {main}
"} 
[2024-01-28 01:06:10] local.ERROR: Undefined array key "checkoutId" {"userId":6,"exception":"[object] (ErrorException(code: 0): Undefined array key \"checkoutId\" at /Applications/MAMP/htdocs/BookingCore/vendor/shaz3e/peach-payment/src/Helpers/PeachPayment.php:62)
[stacktrace]
#0 /Applications/MAMP/htdocs/BookingCore/vendor/laravel/framework/src/Illuminate/Foundation/Bootstrap/HandleExceptions.php(270): Illuminate\\Foundation\\Bootstrap\\HandleExceptions->handleError(2, 'Undefined array...', '/Applications/M...', 62)
#1 /Applications/MAMP/htdocs/BookingCore/vendor/shaz3e/peach-payment/src/Helpers/PeachPayment.php(62): Illuminate\\Foundation\\Bootstrap\\HandleExceptions->Illuminate\\Foundation\\Bootstrap\\{closure}(2, 'Undefined array...', '/Applications/M...', 62)
#2 /Applications/MAMP/htdocs/BookingCore/modules/Booking/Controllers/BookingController.php(701): Shaz3e\\PeachPayment\\Helpers\\PeachPayment::createCheckout(2250.0)
#3 /Applications/MAMP/htdocs/BookingCore/vendor/laravel/framework/src/Illuminate/Routing/Controller.php(54): Modules\\Booking\\Controllers\\BookingController->peachCheckout(Object(Illuminate\\Http\\Request))
#4 /Applications/MAMP/htdocs/BookingCore/vendor/laravel/framework/src/Illuminate/Routing/ControllerDispatcher.php(43): Illuminate\\Routing\\Controller->callAction('peachCheckout', Array)
#5 /Applications/MAMP/htdocs/BookingCore/vendor/laravel/framework/src/Illuminate/Routing/Route.php(260): Illuminate\\Routing\\ControllerDispatcher->dispatch(Object(Illuminate\\Routing\\Route), Object(Modules\\Booking\\Controllers\\BookingController), 'peachCheckout')
#6 /Applications/MAMP/htdocs/BookingCore/vendor/laravel/framework/src/Illuminate/Routing/Route.php(205): Illuminate\\Routing\\Route->runController()
#7 /Applications/MAMP/htdocs/BookingCore/vendor/laravel/framework/src/Illuminate/Routing/Router.php(798): Illuminate\\Routing\\Route->run()
#8 /Applications/MAMP/htdocs/BookingCore/vendor/laravel/framework/src/Illuminate/Pipeline/Pipeline.php(141): Illuminate\\Routing\\Router->Illuminate\\Routing\\{closure}(Object(Illuminate\\Http\\Request))
#9 /Applications/MAMP/htdocs/BookingCore/app/Http/Middleware/RequireChangePassword.php(41): Illuminate\\Pipeline\\Pipeline->Illuminate\\Pipeline\\{closure}(Object(Illuminate\\Http\\Request))
#10 /Applications/MAMP/htdocs/BookingCore/vendor/laravel/framework/src/Illuminate/Pipeline/Pipeline.php(180): App\\Http\\Middleware\\RequireChangePassword->handle(Object(Illuminate\\Http\\Request), Object(Closure))
#11 /Applications/MAMP/htdocs/BookingCore/app/Http/Middleware/SetLanguageForAdmin.php(37): Illuminate\\Pipeline\\Pipeline->Illuminate\\Pipeline\\{closure}(Object(Illuminate\\Http\\Request))
#12 /Applications/MAMP/htdocs/BookingCore/vendor/laravel/framework/src/Illuminate/Pipeline/Pipeline.php(180): App\\Http\\Middleware\\SetLanguageForAdmin->handle(Object(Illuminate\\Http\\Request), Object(Closure))
#13 /Applications/MAMP/htdocs/BookingCore/app/Http/Middleware/SetCurrentCurrency.php(48): Illuminate\\Pipeline\\Pipeline->Illuminate\\Pipeline\\{closure}(Object(Illuminate\\Http\\Request))
#14 /Applications/MAMP/htdocs/BookingCore/vendor/laravel/framework/src/Illuminate/Pipeline/Pipeline.php(180): App\\Http\\Middleware\\SetCurrentCurrency->handle(Object(Illuminate\\Http\\Request), Object(Closure))
#15 /Applications/MAMP/htdocs/BookingCore/app/Http/Middleware/HideDebugbar.php(32): Illuminate\\Pipeline\\Pipeline->Illuminate\\Pipeline\\{closure}(Object(Illuminate\\Http\\Request))
#16 /Applications/MAMP/htdocs/BookingCore/vendor/laravel/framework/src/Illuminate/Pipeline/Pipeline.php(180): App\\Http\\Middleware\\HideDebugbar->handle(Object(Illuminate\\Http\\Request), Object(Closure))
#17 /Applications/MAMP/htdocs/BookingCore/app/Http/Middleware/RedirectForMultiLanguage.php(58): Illuminate\\Pipeline\\Pipeline->Illuminate\\Pipeline\\{closure}(Object(Illuminate\\Http\\Request))
#18 /Applications/MAMP/htdocs/BookingCore/vendor/laravel/framework/src/Illuminate/Pipeline/Pipeline.php(180): App\\Http\\Middleware\\RedirectForMultiLanguage->handle(Object(Illuminate\\Http\\Request), Object(Closure))
#19 /Applications/MAMP/htdocs/BookingCore/vendor/laravel/framework/src/Illuminate/Routing/Middleware/SubstituteBindings.php(50): Illuminate\\Pipeline\\Pipeline->Illuminate\\Pipeline\\{closure}(Object(Illuminate\\Http\\Request))
#20 /Applications/MAMP/htdocs/BookingCore/vendor/laravel/framework/src/Illuminate/Pipeline/Pipeline.php(180): Illuminate\\Routing\\Middleware\\SubstituteBindings->handle(Object(Illuminate\\Http\\Request), Object(Closure))
#21 /Applications/MAMP/htdocs/BookingCore/vendor/laravel/framework/src/Illuminate/Foundation/Http/Middleware/VerifyCsrfToken.php(78): Illuminate\\Pipeline\\Pipeline->Illuminate\\Pipeline\\{closure}(Object(Illuminate\\Http\\Request))
#22 /Applications/MAMP/htdocs/BookingCore/vendor/laravel/framework/src/Illuminate/Pipeline/Pipeline.php(180): Illuminate\\Foundation\\Http\\Middleware\\VerifyCsrfToken->handle(Object(Illuminate\\Http\\Request), Object(Closure))
#23 /Applications/MAMP/htdocs/BookingCore/vendor/laravel/framework/src/Illuminate/View/Middleware/ShareErrorsFromSession.php(49): Illuminate\\Pipeline\\Pipeline->Illuminate\\Pipeline\\{closure}(Object(Illuminate\\Http\\Request))
#24 /Applications/MAMP/htdocs/BookingCore/vendor/laravel/framework/src/Illuminate/Pipeline/Pipeline.php(180): Illuminate\\View\\Middleware\\ShareErrorsFromSession->handle(Object(Illuminate\\Http\\Request), Object(Closure))
#25 /Applications/MAMP/htdocs/BookingCore/vendor/laravel/framework/src/Illuminate/Session/Middleware/StartSession.php(121): Illuminate\\Pipeline\\Pipeline->Illuminate\\Pipeline\\{closure}(Object(Illuminate\\Http\\Request))
#26 /Applications/MAMP/htdocs/BookingCore/vendor/laravel/framework/src/Illuminate/Session/Middleware/StartSession.php(64): Illuminate\\Session\\Middleware\\StartSession->handleStatefulRequest(Object(Illuminate\\Http\\Request), Object(Illuminate\\Session\\Store), Object(Closure))
#27 /Applications/MAMP/htdocs/BookingCore/vendor/laravel/framework/src/Illuminate/Pipeline/Pipeline.php(180): Illuminate\\Session\\Middleware\\StartSession->handle(Object(Illuminate\\Http\\Request), Object(Closure))
#28 /Applications/MAMP/htdocs/BookingCore/vendor/laravel/framework/src/Illuminate/Cookie/Middleware/AddQueuedCookiesToResponse.php(37): Illuminate\\Pipeline\\Pipeline->Illuminate\\Pipeline\\{closure}(Object(Illuminate\\Http\\Request))
#29 /Applications/MAMP/htdocs/BookingCore/vendor/laravel/framework/src/Illuminate/Pipeline/Pipeline.php(180): Illuminate\\Cookie\\Middleware\\AddQueuedCookiesToResponse->handle(Object(Illuminate\\Http\\Request), Object(Closure))
#30 /Applications/MAMP/htdocs/BookingCore/vendor/laravel/framework/src/Illuminate/Cookie/Middleware/EncryptCookies.php(67): Illuminate\\Pipeline\\Pipeline->Illuminate\\Pipeline\\{closure}(Object(Illuminate\\Http\\Request))
#31 /Applications/MAMP/htdocs/BookingCore/vendor/laravel/framework/src/Illuminate/Pipeline/Pipeline.php(180): Illuminate\\Cookie\\Middleware\\EncryptCookies->handle(Object(Illuminate\\Http\\Request), Object(Closure))
#32 /Applications/MAMP/htdocs/BookingCore/vendor/laravel/framework/src/Illuminate/Pipeline/Pipeline.php(116): Illuminate\\Pipeline\\Pipeline->Illuminate\\Pipeline\\{closure}(Object(Illuminate\\Http\\Request))
#33 /Applications/MAMP/htdocs/BookingCore/vendor/laravel/framework/src/Illuminate/Routing/Router.php(799): Illuminate\\Pipeline\\Pipeline->then(Object(Closure))
#34 /Applications/MAMP/htdocs/BookingCore/vendor/laravel/framework/src/Illuminate/Routing/Router.php(776): Illuminate\\Routing\\Router->runRouteWithinStack(Object(Illuminate\\Routing\\Route), Object(Illuminate\\Http\\Request))
#35 /Applications/MAMP/htdocs/BookingCore/vendor/laravel/framework/src/Illuminate/Routing/Router.php(740): Illuminate\\Routing\\Router->runRoute(Object(Illuminate\\Http\\Request), Object(Illuminate\\Routing\\Route))
#36 /Applications/MAMP/htdocs/BookingCore/vendor/laravel/framework/src/Illuminate/Routing/Router.php(729): Illuminate\\Routing\\Router->dispatchToRoute(Object(Illuminate\\Http\\Request))
#37 /Applications/MAMP/htdocs/BookingCore/vendor/laravel/framework/src/Illuminate/Foundation/Http/Kernel.php(190): Illuminate\\Routing\\Router->dispatch(Object(Illuminate\\Http\\Request))
#38 /Applications/MAMP/htdocs/BookingCore/vendor/laravel/framework/src/Illuminate/Pipeline/Pipeline.php(141): Illuminate\\Foundation\\Http\\Kernel->Illuminate\\Foundation\\Http\\{closure}(Object(Illuminate\\Http\\Request))
#39 /Applications/MAMP/htdocs/BookingCore/themes/Base/Core/Middleware/RunUpdater.php(76): Illuminate\\Pipeline\\Pipeline->Illuminate\\Pipeline\\{closure}(Object(Illuminate\\Http\\Request))
#40 /Applications/MAMP/htdocs/BookingCore/vendor/laravel/framework/src/Illuminate/Pipeline/Pipeline.php(180): Themes\\Base\\Core\\Middleware\\RunUpdater->handle(Object(Illuminate\\Http\\Request), Object(Closure))
#41 /Applications/MAMP/htdocs/BookingCore/vendor/barryvdh/laravel-debugbar/src/Middleware/InjectDebugbar.php(66): Illuminate\\Pipeline\\Pipeline->Illuminate\\Pipeline\\{closure}(Object(Illuminate\\Http\\Request))
#42 /Applications/MAMP/htdocs/BookingCore/vendor/laravel/framework/src/Illuminate/Pipeline/Pipeline.php(180): Barryvdh\\Debugbar\\Middleware\\InjectDebugbar->handle(Object(Illuminate\\Http\\Request), Object(Closure))
#43 /Applications/MAMP/htdocs/BookingCore/vendor/laravel/framework/src/Illuminate/Foundation/Http/Middleware/TransformsRequest.php(21): Illuminate\\Pipeline\\Pipeline->Illuminate\\Pipeline\\{closure}(Object(Illuminate\\Http\\Request))
#44 /Applications/MAMP/htdocs/BookingCore/vendor/laravel/framework/src/Illuminate/Foundation/Http/Middleware/ConvertEmptyStringsToNull.php(31): Illuminate\\Foundation\\Http\\Middleware\\TransformsRequest->handle(Object(Illuminate\\Http\\Request), Object(Closure))
#45 /Applications/MAMP/htdocs/BookingCore/vendor/laravel/framework/src/Illuminate/Pipeline/Pipeline.php(180): Illuminate\\Foundation\\Http\\Middleware\\ConvertEmptyStringsToNull->handle(Object(Illuminate\\Http\\Request), Object(Closure))
#46 /Applications/MAMP/htdocs/BookingCore/vendor/laravel/framework/src/Illuminate/Foundation/Http/Middleware/TransformsRequest.php(21): Illuminate\\Pipeline\\Pipeline->Illuminate\\Pipeline\\{closure}(Object(Illuminate\\Http\\Request))
#47 /Applications/MAMP/htdocs/BookingCore/vendor/laravel/framework/src/Illuminate/Foundation/Http/Middleware/TrimStrings.php(40): Illuminate\\Foundation\\Http\\Middleware\\TransformsRequest->handle(Object(Illuminate\\Http\\Request), Object(Closure))
#48 /Applications/MAMP/htdocs/BookingCore/vendor/laravel/framework/src/Illuminate/Pipeline/Pipeline.php(180): Illuminate\\Foundation\\Http\\Middleware\\TrimStrings->handle(Object(Illuminate\\Http\\Request), Object(Closure))
#49 /Applications/MAMP/htdocs/BookingCore/vendor/laravel/framework/src/Illuminate/Foundation/Http/Middleware/ValidatePostSize.php(27): Illuminate\\Pipeline\\Pipeline->Illuminate\\Pipeline\\{closure}(Object(Illuminate\\Http\\Request))
#50 /Applications/MAMP/htdocs/BookingCore/vendor/laravel/framework/src/Illuminate/Pipeline/Pipeline.php(180): Illuminate\\Foundation\\Http\\Middleware\\ValidatePostSize->handle(Object(Illuminate\\Http\\Request), Object(Closure))
#51 /Applications/MAMP/htdocs/BookingCore/vendor/laravel/framework/src/Illuminate/Foundation/Http/Middleware/PreventRequestsDuringMaintenance.php(86): Illuminate\\Pipeline\\Pipeline->Illuminate\\Pipeline\\{closure}(Object(Illuminate\\Http\\Request))
#52 /Applications/MAMP/htdocs/BookingCore/vendor/laravel/framework/src/Illuminate/Pipeline/Pipeline.php(180): Illuminate\\Foundation\\Http\\Middleware\\PreventRequestsDuringMaintenance->handle(Object(Illuminate\\Http\\Request), Object(Closure))
#53 /Applications/MAMP/htdocs/BookingCore/vendor/laravel/framework/src/Illuminate/Http/Middleware/HandleCors.php(49): Illuminate\\Pipeline\\Pipeline->Illuminate\\Pipeline\\{closure}(Object(Illuminate\\Http\\Request))
#54 /Applications/MAMP/htdocs/BookingCore/vendor/laravel/framework/src/Illuminate/Pipeline/Pipeline.php(180): Illuminate\\Http\\Middleware\\HandleCors->handle(Object(Illuminate\\Http\\Request), Object(Closure))
#55 /Applications/MAMP/htdocs/BookingCore/app/Http/Middleware/RedirectToInstaller.php(40): Illuminate\\Pipeline\\Pipeline->Illuminate\\Pipeline\\{closure}(Object(Illuminate\\Http\\Request))
#56 /Applications/MAMP/htdocs/BookingCore/vendor/laravel/framework/src/Illuminate/Pipeline/Pipeline.php(180): App\\Http\\Middleware\\RedirectToInstaller->handle(Object(Illuminate\\Http\\Request), Object(Closure))
#57 /Applications/MAMP/htdocs/BookingCore/vendor/laravel/framework/src/Illuminate/Http/Middleware/TrustProxies.php(39): Illuminate\\Pipeline\\Pipeline->Illuminate\\Pipeline\\{closure}(Object(Illuminate\\Http\\Request))
#58 /Applications/MAMP/htdocs/BookingCore/vendor/laravel/framework/src/Illuminate/Pipeline/Pipeline.php(180): Illuminate\\Http\\Middleware\\TrustProxies->handle(Object(Illuminate\\Http\\Request), Object(Closure))
#59 /Applications/MAMP/htdocs/BookingCore/vendor/laravel/framework/src/Illuminate/Pipeline/Pipeline.php(116): Illuminate\\Pipeline\\Pipeline->Illuminate\\Pipeline\\{closure}(Object(Illuminate\\Http\\Request))
#60 /Applications/MAMP/htdocs/BookingCore/vendor/laravel/framework/src/Illuminate/Foundation/Http/Kernel.php(165): Illuminate\\Pipeline\\Pipeline->then(Object(Closure))
#61 /Applications/MAMP/htdocs/BookingCore/vendor/laravel/framework/src/Illuminate/Foundation/Http/Kernel.php(134): Illuminate\\Foundation\\Http\\Kernel->sendRequestThroughRouter(Object(Illuminate\\Http\\Request))
#62 /Applications/MAMP/htdocs/BookingCore/public/index.php(75): Illuminate\\Foundation\\Http\\Kernel->handle(Object(Illuminate\\Http\\Request))
#63 /Applications/MAMP/htdocs/BookingCore/server.php(21): require_once('/Applications/M...')
#64 {main}
"} 
[2024-01-28 01:07:57] local.ERROR: Undefined array key "checkoutId" {"userId":6,"exception":"[object] (ErrorException(code: 0): Undefined array key \"checkoutId\" at /Applications/MAMP/htdocs/BookingCore/vendor/shaz3e/peach-payment/src/Helpers/PeachPayment.php:62)
[stacktrace]
#0 /Applications/MAMP/htdocs/BookingCore/vendor/laravel/framework/src/Illuminate/Foundation/Bootstrap/HandleExceptions.php(270): Illuminate\\Foundation\\Bootstrap\\HandleExceptions->handleError(2, 'Undefined array...', '/Applications/M...', 62)
#1 /Applications/MAMP/htdocs/BookingCore/vendor/shaz3e/peach-payment/src/Helpers/PeachPayment.php(62): Illuminate\\Foundation\\Bootstrap\\HandleExceptions->Illuminate\\Foundation\\Bootstrap\\{closure}(2, 'Undefined array...', '/Applications/M...', 62)
#2 /Applications/MAMP/htdocs/BookingCore/modules/Booking/Controllers/BookingController.php(701): Shaz3e\\PeachPayment\\Helpers\\PeachPayment::createCheckout(2450.0)
#3 /Applications/MAMP/htdocs/BookingCore/vendor/laravel/framework/src/Illuminate/Routing/Controller.php(54): Modules\\Booking\\Controllers\\BookingController->peachCheckout(Object(Illuminate\\Http\\Request))
#4 /Applications/MAMP/htdocs/BookingCore/vendor/laravel/framework/src/Illuminate/Routing/ControllerDispatcher.php(43): Illuminate\\Routing\\Controller->callAction('peachCheckout', Array)
#5 /Applications/MAMP/htdocs/BookingCore/vendor/laravel/framework/src/Illuminate/Routing/Route.php(260): Illuminate\\Routing\\ControllerDispatcher->dispatch(Object(Illuminate\\Routing\\Route), Object(Modules\\Booking\\Controllers\\BookingController), 'peachCheckout')
#6 /Applications/MAMP/htdocs/BookingCore/vendor/laravel/framework/src/Illuminate/Routing/Route.php(205): Illuminate\\Routing\\Route->runController()
#7 /Applications/MAMP/htdocs/BookingCore/vendor/laravel/framework/src/Illuminate/Routing/Router.php(798): Illuminate\\Routing\\Route->run()
#8 /Applications/MAMP/htdocs/BookingCore/vendor/laravel/framework/src/Illuminate/Pipeline/Pipeline.php(141): Illuminate\\Routing\\Router->Illuminate\\Routing\\{closure}(Object(Illuminate\\Http\\Request))
#9 /Applications/MAMP/htdocs/BookingCore/app/Http/Middleware/RequireChangePassword.php(41): Illuminate\\Pipeline\\Pipeline->Illuminate\\Pipeline\\{closure}(Object(Illuminate\\Http\\Request))
#10 /Applications/MAMP/htdocs/BookingCore/vendor/laravel/framework/src/Illuminate/Pipeline/Pipeline.php(180): App\\Http\\Middleware\\RequireChangePassword->handle(Object(Illuminate\\Http\\Request), Object(Closure))
#11 /Applications/MAMP/htdocs/BookingCore/app/Http/Middleware/SetLanguageForAdmin.php(37): Illuminate\\Pipeline\\Pipeline->Illuminate\\Pipeline\\{closure}(Object(Illuminate\\Http\\Request))
#12 /Applications/MAMP/htdocs/BookingCore/vendor/laravel/framework/src/Illuminate/Pipeline/Pipeline.php(180): App\\Http\\Middleware\\SetLanguageForAdmin->handle(Object(Illuminate\\Http\\Request), Object(Closure))
#13 /Applications/MAMP/htdocs/BookingCore/app/Http/Middleware/SetCurrentCurrency.php(48): Illuminate\\Pipeline\\Pipeline->Illuminate\\Pipeline\\{closure}(Object(Illuminate\\Http\\Request))
#14 /Applications/MAMP/htdocs/BookingCore/vendor/laravel/framework/src/Illuminate/Pipeline/Pipeline.php(180): App\\Http\\Middleware\\SetCurrentCurrency->handle(Object(Illuminate\\Http\\Request), Object(Closure))
#15 /Applications/MAMP/htdocs/BookingCore/app/Http/Middleware/HideDebugbar.php(32): Illuminate\\Pipeline\\Pipeline->Illuminate\\Pipeline\\{closure}(Object(Illuminate\\Http\\Request))
#16 /Applications/MAMP/htdocs/BookingCore/vendor/laravel/framework/src/Illuminate/Pipeline/Pipeline.php(180): App\\Http\\Middleware\\HideDebugbar->handle(Object(Illuminate\\Http\\Request), Object(Closure))
#17 /Applications/MAMP/htdocs/BookingCore/app/Http/Middleware/RedirectForMultiLanguage.php(58): Illuminate\\Pipeline\\Pipeline->Illuminate\\Pipeline\\{closure}(Object(Illuminate\\Http\\Request))
#18 /Applications/MAMP/htdocs/BookingCore/vendor/laravel/framework/src/Illuminate/Pipeline/Pipeline.php(180): App\\Http\\Middleware\\RedirectForMultiLanguage->handle(Object(Illuminate\\Http\\Request), Object(Closure))
#19 /Applications/MAMP/htdocs/BookingCore/vendor/laravel/framework/src/Illuminate/Routing/Middleware/SubstituteBindings.php(50): Illuminate\\Pipeline\\Pipeline->Illuminate\\Pipeline\\{closure}(Object(Illuminate\\Http\\Request))
#20 /Applications/MAMP/htdocs/BookingCore/vendor/laravel/framework/src/Illuminate/Pipeline/Pipeline.php(180): Illuminate\\Routing\\Middleware\\SubstituteBindings->handle(Object(Illuminate\\Http\\Request), Object(Closure))
#21 /Applications/MAMP/htdocs/BookingCore/vendor/laravel/framework/src/Illuminate/Foundation/Http/Middleware/VerifyCsrfToken.php(78): Illuminate\\Pipeline\\Pipeline->Illuminate\\Pipeline\\{closure}(Object(Illuminate\\Http\\Request))
#22 /Applications/MAMP/htdocs/BookingCore/vendor/laravel/framework/src/Illuminate/Pipeline/Pipeline.php(180): Illuminate\\Foundation\\Http\\Middleware\\VerifyCsrfToken->handle(Object(Illuminate\\Http\\Request), Object(Closure))
#23 /Applications/MAMP/htdocs/BookingCore/vendor/laravel/framework/src/Illuminate/View/Middleware/ShareErrorsFromSession.php(49): Illuminate\\Pipeline\\Pipeline->Illuminate\\Pipeline\\{closure}(Object(Illuminate\\Http\\Request))
#24 /Applications/MAMP/htdocs/BookingCore/vendor/laravel/framework/src/Illuminate/Pipeline/Pipeline.php(180): Illuminate\\View\\Middleware\\ShareErrorsFromSession->handle(Object(Illuminate\\Http\\Request), Object(Closure))
#25 /Applications/MAMP/htdocs/BookingCore/vendor/laravel/framework/src/Illuminate/Session/Middleware/StartSession.php(121): Illuminate\\Pipeline\\Pipeline->Illuminate\\Pipeline\\{closure}(Object(Illuminate\\Http\\Request))
#26 /Applications/MAMP/htdocs/BookingCore/vendor/laravel/framework/src/Illuminate/Session/Middleware/StartSession.php(64): Illuminate\\Session\\Middleware\\StartSession->handleStatefulRequest(Object(Illuminate\\Http\\Request), Object(Illuminate\\Session\\Store), Object(Closure))
#27 /Applications/MAMP/htdocs/BookingCore/vendor/laravel/framework/src/Illuminate/Pipeline/Pipeline.php(180): Illuminate\\Session\\Middleware\\StartSession->handle(Object(Illuminate\\Http\\Request), Object(Closure))
#28 /Applications/MAMP/htdocs/BookingCore/vendor/laravel/framework/src/Illuminate/Cookie/Middleware/AddQueuedCookiesToResponse.php(37): Illuminate\\Pipeline\\Pipeline->Illuminate\\Pipeline\\{closure}(Object(Illuminate\\Http\\Request))
#29 /Applications/MAMP/htdocs/BookingCore/vendor/laravel/framework/src/Illuminate/Pipeline/Pipeline.php(180): Illuminate\\Cookie\\Middleware\\AddQueuedCookiesToResponse->handle(Object(Illuminate\\Http\\Request), Object(Closure))
#30 /Applications/MAMP/htdocs/BookingCore/vendor/laravel/framework/src/Illuminate/Cookie/Middleware/EncryptCookies.php(67): Illuminate\\Pipeline\\Pipeline->Illuminate\\Pipeline\\{closure}(Object(Illuminate\\Http\\Request))
#31 /Applications/MAMP/htdocs/BookingCore/vendor/laravel/framework/src/Illuminate/Pipeline/Pipeline.php(180): Illuminate\\Cookie\\Middleware\\EncryptCookies->handle(Object(Illuminate\\Http\\Request), Object(Closure))
#32 /Applications/MAMP/htdocs/BookingCore/vendor/laravel/framework/src/Illuminate/Pipeline/Pipeline.php(116): Illuminate\\Pipeline\\Pipeline->Illuminate\\Pipeline\\{closure}(Object(Illuminate\\Http\\Request))
#33 /Applications/MAMP/htdocs/BookingCore/vendor/laravel/framework/src/Illuminate/Routing/Router.php(799): Illuminate\\Pipeline\\Pipeline->then(Object(Closure))
#34 /Applications/MAMP/htdocs/BookingCore/vendor/laravel/framework/src/Illuminate/Routing/Router.php(776): Illuminate\\Routing\\Router->runRouteWithinStack(Object(Illuminate\\Routing\\Route), Object(Illuminate\\Http\\Request))
#35 /Applications/MAMP/htdocs/BookingCore/vendor/laravel/framework/src/Illuminate/Routing/Router.php(740): Illuminate\\Routing\\Router->runRoute(Object(Illuminate\\Http\\Request), Object(Illuminate\\Routing\\Route))
#36 /Applications/MAMP/htdocs/BookingCore/vendor/laravel/framework/src/Illuminate/Routing/Router.php(729): Illuminate\\Routing\\Router->dispatchToRoute(Object(Illuminate\\Http\\Request))
#37 /Applications/MAMP/htdocs/BookingCore/vendor/laravel/framework/src/Illuminate/Foundation/Http/Kernel.php(190): Illuminate\\Routing\\Router->dispatch(Object(Illuminate\\Http\\Request))
#38 /Applications/MAMP/htdocs/BookingCore/vendor/laravel/framework/src/Illuminate/Pipeline/Pipeline.php(141): Illuminate\\Foundation\\Http\\Kernel->Illuminate\\Foundation\\Http\\{closure}(Object(Illuminate\\Http\\Request))
#39 /Applications/MAMP/htdocs/BookingCore/themes/Base/Core/Middleware/RunUpdater.php(76): Illuminate\\Pipeline\\Pipeline->Illuminate\\Pipeline\\{closure}(Object(Illuminate\\Http\\Request))
#40 /Applications/MAMP/htdocs/BookingCore/vendor/laravel/framework/src/Illuminate/Pipeline/Pipeline.php(180): Themes\\Base\\Core\\Middleware\\RunUpdater->handle(Object(Illuminate\\Http\\Request), Object(Closure))
#41 /Applications/MAMP/htdocs/BookingCore/vendor/barryvdh/laravel-debugbar/src/Middleware/InjectDebugbar.php(66): Illuminate\\Pipeline\\Pipeline->Illuminate\\Pipeline\\{closure}(Object(Illuminate\\Http\\Request))
#42 /Applications/MAMP/htdocs/BookingCore/vendor/laravel/framework/src/Illuminate/Pipeline/Pipeline.php(180): Barryvdh\\Debugbar\\Middleware\\InjectDebugbar->handle(Object(Illuminate\\Http\\Request), Object(Closure))
#43 /Applications/MAMP/htdocs/BookingCore/vendor/laravel/framework/src/Illuminate/Foundation/Http/Middleware/TransformsRequest.php(21): Illuminate\\Pipeline\\Pipeline->Illuminate\\Pipeline\\{closure}(Object(Illuminate\\Http\\Request))
#44 /Applications/MAMP/htdocs/BookingCore/vendor/laravel/framework/src/Illuminate/Foundation/Http/Middleware/ConvertEmptyStringsToNull.php(31): Illuminate\\Foundation\\Http\\Middleware\\TransformsRequest->handle(Object(Illuminate\\Http\\Request), Object(Closure))
#45 /Applications/MAMP/htdocs/BookingCore/vendor/laravel/framework/src/Illuminate/Pipeline/Pipeline.php(180): Illuminate\\Foundation\\Http\\Middleware\\ConvertEmptyStringsToNull->handle(Object(Illuminate\\Http\\Request), Object(Closure))
#46 /Applications/MAMP/htdocs/BookingCore/vendor/laravel/framework/src/Illuminate/Foundation/Http/Middleware/TransformsRequest.php(21): Illuminate\\Pipeline\\Pipeline->Illuminate\\Pipeline\\{closure}(Object(Illuminate\\Http\\Request))
#47 /Applications/MAMP/htdocs/BookingCore/vendor/laravel/framework/src/Illuminate/Foundation/Http/Middleware/TrimStrings.php(40): Illuminate\\Foundation\\Http\\Middleware\\TransformsRequest->handle(Object(Illuminate\\Http\\Request), Object(Closure))
#48 /Applications/MAMP/htdocs/BookingCore/vendor/laravel/framework/src/Illuminate/Pipeline/Pipeline.php(180): Illuminate\\Foundation\\Http\\Middleware\\TrimStrings->handle(Object(Illuminate\\Http\\Request), Object(Closure))
#49 /Applications/MAMP/htdocs/BookingCore/vendor/laravel/framework/src/Illuminate/Foundation/Http/Middleware/ValidatePostSize.php(27): Illuminate\\Pipeline\\Pipeline->Illuminate\\Pipeline\\{closure}(Object(Illuminate\\Http\\Request))
#50 /Applications/MAMP/htdocs/BookingCore/vendor/laravel/framework/src/Illuminate/Pipeline/Pipeline.php(180): Illuminate\\Foundation\\Http\\Middleware\\ValidatePostSize->handle(Object(Illuminate\\Http\\Request), Object(Closure))
#51 /Applications/MAMP/htdocs/BookingCore/vendor/laravel/framework/src/Illuminate/Foundation/Http/Middleware/PreventRequestsDuringMaintenance.php(86): Illuminate\\Pipeline\\Pipeline->Illuminate\\Pipeline\\{closure}(Object(Illuminate\\Http\\Request))
#52 /Applications/MAMP/htdocs/BookingCore/vendor/laravel/framework/src/Illuminate/Pipeline/Pipeline.php(180): Illuminate\\Foundation\\Http\\Middleware\\PreventRequestsDuringMaintenance->handle(Object(Illuminate\\Http\\Request), Object(Closure))
#53 /Applications/MAMP/htdocs/BookingCore/vendor/laravel/framework/src/Illuminate/Http/Middleware/HandleCors.php(49): Illuminate\\Pipeline\\Pipeline->Illuminate\\Pipeline\\{closure}(Object(Illuminate\\Http\\Request))
#54 /Applications/MAMP/htdocs/BookingCore/vendor/laravel/framework/src/Illuminate/Pipeline/Pipeline.php(180): Illuminate\\Http\\Middleware\\HandleCors->handle(Object(Illuminate\\Http\\Request), Object(Closure))
#55 /Applications/MAMP/htdocs/BookingCore/app/Http/Middleware/RedirectToInstaller.php(40): Illuminate\\Pipeline\\Pipeline->Illuminate\\Pipeline\\{closure}(Object(Illuminate\\Http\\Request))
#56 /Applications/MAMP/htdocs/BookingCore/vendor/laravel/framework/src/Illuminate/Pipeline/Pipeline.php(180): App\\Http\\Middleware\\RedirectToInstaller->handle(Object(Illuminate\\Http\\Request), Object(Closure))
#57 /Applications/MAMP/htdocs/BookingCore/vendor/laravel/framework/src/Illuminate/Http/Middleware/TrustProxies.php(39): Illuminate\\Pipeline\\Pipeline->Illuminate\\Pipeline\\{closure}(Object(Illuminate\\Http\\Request))
#58 /Applications/MAMP/htdocs/BookingCore/vendor/laravel/framework/src/Illuminate/Pipeline/Pipeline.php(180): Illuminate\\Http\\Middleware\\TrustProxies->handle(Object(Illuminate\\Http\\Request), Object(Closure))
#59 /Applications/MAMP/htdocs/BookingCore/vendor/laravel/framework/src/Illuminate/Pipeline/Pipeline.php(116): Illuminate\\Pipeline\\Pipeline->Illuminate\\Pipeline\\{closure}(Object(Illuminate\\Http\\Request))
#60 /Applications/MAMP/htdocs/BookingCore/vendor/laravel/framework/src/Illuminate/Foundation/Http/Kernel.php(165): Illuminate\\Pipeline\\Pipeline->then(Object(Closure))
#61 /Applications/MAMP/htdocs/BookingCore/vendor/laravel/framework/src/Illuminate/Foundation/Http/Kernel.php(134): Illuminate\\Foundation\\Http\\Kernel->sendRequestThroughRouter(Object(Illuminate\\Http\\Request))
#62 /Applications/MAMP/htdocs/BookingCore/public/index.php(75): Illuminate\\Foundation\\Http\\Kernel->handle(Object(Illuminate\\Http\\Request))
#63 /Applications/MAMP/htdocs/BookingCore/server.php(21): require_once('/Applications/M...')
#64 {main}
"} 
[2024-01-28 01:08:47] local.ERROR: Undefined array key "checkoutId" {"userId":6,"exception":"[object] (ErrorException(code: 0): Undefined array key \"checkoutId\" at /Applications/MAMP/htdocs/BookingCore/vendor/shaz3e/peach-payment/src/Helpers/PeachPayment.php:62)
[stacktrace]
#0 /Applications/MAMP/htdocs/BookingCore/vendor/laravel/framework/src/Illuminate/Foundation/Bootstrap/HandleExceptions.php(270): Illuminate\\Foundation\\Bootstrap\\HandleExceptions->handleError(2, 'Undefined array...', '/Applications/M...', 62)
#1 /Applications/MAMP/htdocs/BookingCore/vendor/shaz3e/peach-payment/src/Helpers/PeachPayment.php(62): Illuminate\\Foundation\\Bootstrap\\HandleExceptions->Illuminate\\Foundation\\Bootstrap\\{closure}(2, 'Undefined array...', '/Applications/M...', 62)
#2 /Applications/MAMP/htdocs/BookingCore/modules/Booking/Controllers/BookingController.php(701): Shaz3e\\PeachPayment\\Helpers\\PeachPayment::createCheckout(2500.0)
#3 /Applications/MAMP/htdocs/BookingCore/vendor/laravel/framework/src/Illuminate/Routing/Controller.php(54): Modules\\Booking\\Controllers\\BookingController->peachCheckout(Object(Illuminate\\Http\\Request))
#4 /Applications/MAMP/htdocs/BookingCore/vendor/laravel/framework/src/Illuminate/Routing/ControllerDispatcher.php(43): Illuminate\\Routing\\Controller->callAction('peachCheckout', Array)
#5 /Applications/MAMP/htdocs/BookingCore/vendor/laravel/framework/src/Illuminate/Routing/Route.php(260): Illuminate\\Routing\\ControllerDispatcher->dispatch(Object(Illuminate\\Routing\\Route), Object(Modules\\Booking\\Controllers\\BookingController), 'peachCheckout')
#6 /Applications/MAMP/htdocs/BookingCore/vendor/laravel/framework/src/Illuminate/Routing/Route.php(205): Illuminate\\Routing\\Route->runController()
#7 /Applications/MAMP/htdocs/BookingCore/vendor/laravel/framework/src/Illuminate/Routing/Router.php(798): Illuminate\\Routing\\Route->run()
#8 /Applications/MAMP/htdocs/BookingCore/vendor/laravel/framework/src/Illuminate/Pipeline/Pipeline.php(141): Illuminate\\Routing\\Router->Illuminate\\Routing\\{closure}(Object(Illuminate\\Http\\Request))
#9 /Applications/MAMP/htdocs/BookingCore/app/Http/Middleware/RequireChangePassword.php(41): Illuminate\\Pipeline\\Pipeline->Illuminate\\Pipeline\\{closure}(Object(Illuminate\\Http\\Request))
#10 /Applications/MAMP/htdocs/BookingCore/vendor/laravel/framework/src/Illuminate/Pipeline/Pipeline.php(180): App\\Http\\Middleware\\RequireChangePassword->handle(Object(Illuminate\\Http\\Request), Object(Closure))
#11 /Applications/MAMP/htdocs/BookingCore/app/Http/Middleware/SetLanguageForAdmin.php(37): Illuminate\\Pipeline\\Pipeline->Illuminate\\Pipeline\\{closure}(Object(Illuminate\\Http\\Request))
#12 /Applications/MAMP/htdocs/BookingCore/vendor/laravel/framework/src/Illuminate/Pipeline/Pipeline.php(180): App\\Http\\Middleware\\SetLanguageForAdmin->handle(Object(Illuminate\\Http\\Request), Object(Closure))
#13 /Applications/MAMP/htdocs/BookingCore/app/Http/Middleware/SetCurrentCurrency.php(48): Illuminate\\Pipeline\\Pipeline->Illuminate\\Pipeline\\{closure}(Object(Illuminate\\Http\\Request))
#14 /Applications/MAMP/htdocs/BookingCore/vendor/laravel/framework/src/Illuminate/Pipeline/Pipeline.php(180): App\\Http\\Middleware\\SetCurrentCurrency->handle(Object(Illuminate\\Http\\Request), Object(Closure))
#15 /Applications/MAMP/htdocs/BookingCore/app/Http/Middleware/HideDebugbar.php(32): Illuminate\\Pipeline\\Pipeline->Illuminate\\Pipeline\\{closure}(Object(Illuminate\\Http\\Request))
#16 /Applications/MAMP/htdocs/BookingCore/vendor/laravel/framework/src/Illuminate/Pipeline/Pipeline.php(180): App\\Http\\Middleware\\HideDebugbar->handle(Object(Illuminate\\Http\\Request), Object(Closure))
#17 /Applications/MAMP/htdocs/BookingCore/app/Http/Middleware/RedirectForMultiLanguage.php(58): Illuminate\\Pipeline\\Pipeline->Illuminate\\Pipeline\\{closure}(Object(Illuminate\\Http\\Request))
#18 /Applications/MAMP/htdocs/BookingCore/vendor/laravel/framework/src/Illuminate/Pipeline/Pipeline.php(180): App\\Http\\Middleware\\RedirectForMultiLanguage->handle(Object(Illuminate\\Http\\Request), Object(Closure))
#19 /Applications/MAMP/htdocs/BookingCore/vendor/laravel/framework/src/Illuminate/Routing/Middleware/SubstituteBindings.php(50): Illuminate\\Pipeline\\Pipeline->Illuminate\\Pipeline\\{closure}(Object(Illuminate\\Http\\Request))
#20 /Applications/MAMP/htdocs/BookingCore/vendor/laravel/framework/src/Illuminate/Pipeline/Pipeline.php(180): Illuminate\\Routing\\Middleware\\SubstituteBindings->handle(Object(Illuminate\\Http\\Request), Object(Closure))
#21 /Applications/MAMP/htdocs/BookingCore/vendor/laravel/framework/src/Illuminate/Foundation/Http/Middleware/VerifyCsrfToken.php(78): Illuminate\\Pipeline\\Pipeline->Illuminate\\Pipeline\\{closure}(Object(Illuminate\\Http\\Request))
#22 /Applications/MAMP/htdocs/BookingCore/vendor/laravel/framework/src/Illuminate/Pipeline/Pipeline.php(180): Illuminate\\Foundation\\Http\\Middleware\\VerifyCsrfToken->handle(Object(Illuminate\\Http\\Request), Object(Closure))
#23 /Applications/MAMP/htdocs/BookingCore/vendor/laravel/framework/src/Illuminate/View/Middleware/ShareErrorsFromSession.php(49): Illuminate\\Pipeline\\Pipeline->Illuminate\\Pipeline\\{closure}(Object(Illuminate\\Http\\Request))
#24 /Applications/MAMP/htdocs/BookingCore/vendor/laravel/framework/src/Illuminate/Pipeline/Pipeline.php(180): Illuminate\\View\\Middleware\\ShareErrorsFromSession->handle(Object(Illuminate\\Http\\Request), Object(Closure))
#25 /Applications/MAMP/htdocs/BookingCore/vendor/laravel/framework/src/Illuminate/Session/Middleware/StartSession.php(121): Illuminate\\Pipeline\\Pipeline->Illuminate\\Pipeline\\{closure}(Object(Illuminate\\Http\\Request))
#26 /Applications/MAMP/htdocs/BookingCore/vendor/laravel/framework/src/Illuminate/Session/Middleware/StartSession.php(64): Illuminate\\Session\\Middleware\\StartSession->handleStatefulRequest(Object(Illuminate\\Http\\Request), Object(Illuminate\\Session\\Store), Object(Closure))
#27 /Applications/MAMP/htdocs/BookingCore/vendor/laravel/framework/src/Illuminate/Pipeline/Pipeline.php(180): Illuminate\\Session\\Middleware\\StartSession->handle(Object(Illuminate\\Http\\Request), Object(Closure))
#28 /Applications/MAMP/htdocs/BookingCore/vendor/laravel/framework/src/Illuminate/Cookie/Middleware/AddQueuedCookiesToResponse.php(37): Illuminate\\Pipeline\\Pipeline->Illuminate\\Pipeline\\{closure}(Object(Illuminate\\Http\\Request))
#29 /Applications/MAMP/htdocs/BookingCore/vendor/laravel/framework/src/Illuminate/Pipeline/Pipeline.php(180): Illuminate\\Cookie\\Middleware\\AddQueuedCookiesToResponse->handle(Object(Illuminate\\Http\\Request), Object(Closure))
#30 /Applications/MAMP/htdocs/BookingCore/vendor/laravel/framework/src/Illuminate/Cookie/Middleware/EncryptCookies.php(67): Illuminate\\Pipeline\\Pipeline->Illuminate\\Pipeline\\{closure}(Object(Illuminate\\Http\\Request))
#31 /Applications/MAMP/htdocs/BookingCore/vendor/laravel/framework/src/Illuminate/Pipeline/Pipeline.php(180): Illuminate\\Cookie\\Middleware\\EncryptCookies->handle(Object(Illuminate\\Http\\Request), Object(Closure))
#32 /Applications/MAMP/htdocs/BookingCore/vendor/laravel/framework/src/Illuminate/Pipeline/Pipeline.php(116): Illuminate\\Pipeline\\Pipeline->Illuminate\\Pipeline\\{closure}(Object(Illuminate\\Http\\Request))
#33 /Applications/MAMP/htdocs/BookingCore/vendor/laravel/framework/src/Illuminate/Routing/Router.php(799): Illuminate\\Pipeline\\Pipeline->then(Object(Closure))
#34 /Applications/MAMP/htdocs/BookingCore/vendor/laravel/framework/src/Illuminate/Routing/Router.php(776): Illuminate\\Routing\\Router->runRouteWithinStack(Object(Illuminate\\Routing\\Route), Object(Illuminate\\Http\\Request))
#35 /Applications/MAMP/htdocs/BookingCore/vendor/laravel/framework/src/Illuminate/Routing/Router.php(740): Illuminate\\Routing\\Router->runRoute(Object(Illuminate\\Http\\Request), Object(Illuminate\\Routing\\Route))
#36 /Applications/MAMP/htdocs/BookingCore/vendor/laravel/framework/src/Illuminate/Routing/Router.php(729): Illuminate\\Routing\\Router->dispatchToRoute(Object(Illuminate\\Http\\Request))
#37 /Applications/MAMP/htdocs/BookingCore/vendor/laravel/framework/src/Illuminate/Foundation/Http/Kernel.php(190): Illuminate\\Routing\\Router->dispatch(Object(Illuminate\\Http\\Request))
#38 /Applications/MAMP/htdocs/BookingCore/vendor/laravel/framework/src/Illuminate/Pipeline/Pipeline.php(141): Illuminate\\Foundation\\Http\\Kernel->Illuminate\\Foundation\\Http\\{closure}(Object(Illuminate\\Http\\Request))
#39 /Applications/MAMP/htdocs/BookingCore/themes/Base/Core/Middleware/RunUpdater.php(76): Illuminate\\Pipeline\\Pipeline->Illuminate\\Pipeline\\{closure}(Object(Illuminate\\Http\\Request))
#40 /Applications/MAMP/htdocs/BookingCore/vendor/laravel/framework/src/Illuminate/Pipeline/Pipeline.php(180): Themes\\Base\\Core\\Middleware\\RunUpdater->handle(Object(Illuminate\\Http\\Request), Object(Closure))
#41 /Applications/MAMP/htdocs/BookingCore/vendor/barryvdh/laravel-debugbar/src/Middleware/InjectDebugbar.php(66): Illuminate\\Pipeline\\Pipeline->Illuminate\\Pipeline\\{closure}(Object(Illuminate\\Http\\Request))
#42 /Applications/MAMP/htdocs/BookingCore/vendor/laravel/framework/src/Illuminate/Pipeline/Pipeline.php(180): Barryvdh\\Debugbar\\Middleware\\InjectDebugbar->handle(Object(Illuminate\\Http\\Request), Object(Closure))
#43 /Applications/MAMP/htdocs/BookingCore/vendor/laravel/framework/src/Illuminate/Foundation/Http/Middleware/TransformsRequest.php(21): Illuminate\\Pipeline\\Pipeline->Illuminate\\Pipeline\\{closure}(Object(Illuminate\\Http\\Request))
#44 /Applications/MAMP/htdocs/BookingCore/vendor/laravel/framework/src/Illuminate/Foundation/Http/Middleware/ConvertEmptyStringsToNull.php(31): Illuminate\\Foundation\\Http\\Middleware\\TransformsRequest->handle(Object(Illuminate\\Http\\Request), Object(Closure))
#45 /Applications/MAMP/htdocs/BookingCore/vendor/laravel/framework/src/Illuminate/Pipeline/Pipeline.php(180): Illuminate\\Foundation\\Http\\Middleware\\ConvertEmptyStringsToNull->handle(Object(Illuminate\\Http\\Request), Object(Closure))
#46 /Applications/MAMP/htdocs/BookingCore/vendor/laravel/framework/src/Illuminate/Foundation/Http/Middleware/TransformsRequest.php(21): Illuminate\\Pipeline\\Pipeline->Illuminate\\Pipeline\\{closure}(Object(Illuminate\\Http\\Request))
#47 /Applications/MAMP/htdocs/BookingCore/vendor/laravel/framework/src/Illuminate/Foundation/Http/Middleware/TrimStrings.php(40): Illuminate\\Foundation\\Http\\Middleware\\TransformsRequest->handle(Object(Illuminate\\Http\\Request), Object(Closure))
#48 /Applications/MAMP/htdocs/BookingCore/vendor/laravel/framework/src/Illuminate/Pipeline/Pipeline.php(180): Illuminate\\Foundation\\Http\\Middleware\\TrimStrings->handle(Object(Illuminate\\Http\\Request), Object(Closure))
#49 /Applications/MAMP/htdocs/BookingCore/vendor/laravel/framework/src/Illuminate/Foundation/Http/Middleware/ValidatePostSize.php(27): Illuminate\\Pipeline\\Pipeline->Illuminate\\Pipeline\\{closure}(Object(Illuminate\\Http\\Request))
#50 /Applications/MAMP/htdocs/BookingCore/vendor/laravel/framework/src/Illuminate/Pipeline/Pipeline.php(180): Illuminate\\Foundation\\Http\\Middleware\\ValidatePostSize->handle(Object(Illuminate\\Http\\Request), Object(Closure))
#51 /Applications/MAMP/htdocs/BookingCore/vendor/laravel/framework/src/Illuminate/Foundation/Http/Middleware/PreventRequestsDuringMaintenance.php(86): Illuminate\\Pipeline\\Pipeline->Illuminate\\Pipeline\\{closure}(Object(Illuminate\\Http\\Request))
#52 /Applications/MAMP/htdocs/BookingCore/vendor/laravel/framework/src/Illuminate/Pipeline/Pipeline.php(180): Illuminate\\Foundation\\Http\\Middleware\\PreventRequestsDuringMaintenance->handle(Object(Illuminate\\Http\\Request), Object(Closure))
#53 /Applications/MAMP/htdocs/BookingCore/vendor/laravel/framework/src/Illuminate/Http/Middleware/HandleCors.php(49): Illuminate\\Pipeline\\Pipeline->Illuminate\\Pipeline\\{closure}(Object(Illuminate\\Http\\Request))
#54 /Applications/MAMP/htdocs/BookingCore/vendor/laravel/framework/src/Illuminate/Pipeline/Pipeline.php(180): Illuminate\\Http\\Middleware\\HandleCors->handle(Object(Illuminate\\Http\\Request), Object(Closure))
#55 /Applications/MAMP/htdocs/BookingCore/app/Http/Middleware/RedirectToInstaller.php(40): Illuminate\\Pipeline\\Pipeline->Illuminate\\Pipeline\\{closure}(Object(Illuminate\\Http\\Request))
#56 /Applications/MAMP/htdocs/BookingCore/vendor/laravel/framework/src/Illuminate/Pipeline/Pipeline.php(180): App\\Http\\Middleware\\RedirectToInstaller->handle(Object(Illuminate\\Http\\Request), Object(Closure))
#57 /Applications/MAMP/htdocs/BookingCore/vendor/laravel/framework/src/Illuminate/Http/Middleware/TrustProxies.php(39): Illuminate\\Pipeline\\Pipeline->Illuminate\\Pipeline\\{closure}(Object(Illuminate\\Http\\Request))
#58 /Applications/MAMP/htdocs/BookingCore/vendor/laravel/framework/src/Illuminate/Pipeline/Pipeline.php(180): Illuminate\\Http\\Middleware\\TrustProxies->handle(Object(Illuminate\\Http\\Request), Object(Closure))
#59 /Applications/MAMP/htdocs/BookingCore/vendor/laravel/framework/src/Illuminate/Pipeline/Pipeline.php(116): Illuminate\\Pipeline\\Pipeline->Illuminate\\Pipeline\\{closure}(Object(Illuminate\\Http\\Request))
#60 /Applications/MAMP/htdocs/BookingCore/vendor/laravel/framework/src/Illuminate/Foundation/Http/Kernel.php(165): Illuminate\\Pipeline\\Pipeline->then(Object(Closure))
#61 /Applications/MAMP/htdocs/BookingCore/vendor/laravel/framework/src/Illuminate/Foundation/Http/Kernel.php(134): Illuminate\\Foundation\\Http\\Kernel->sendRequestThroughRouter(Object(Illuminate\\Http\\Request))
#62 /Applications/MAMP/htdocs/BookingCore/public/index.php(75): Illuminate\\Foundation\\Http\\Kernel->handle(Object(Illuminate\\Http\\Request))
#63 /Applications/MAMP/htdocs/BookingCore/server.php(21): require_once('/Applications/M...')
#64 {main}
"} 
[2024-01-28 01:16:32] local.ERROR: Undefined array key "checkoutId" {"userId":6,"exception":"[object] (ErrorException(code: 0): Undefined array key \"checkoutId\" at /Applications/MAMP/htdocs/BookingCore/vendor/shaz3e/peach-payment/src/Helpers/PeachPayment.php:62)
[stacktrace]
#0 /Applications/MAMP/htdocs/BookingCore/vendor/laravel/framework/src/Illuminate/Foundation/Bootstrap/HandleExceptions.php(270): Illuminate\\Foundation\\Bootstrap\\HandleExceptions->handleError(2, 'Undefined array...', '/Applications/M...', 62)
#1 /Applications/MAMP/htdocs/BookingCore/vendor/shaz3e/peach-payment/src/Helpers/PeachPayment.php(62): Illuminate\\Foundation\\Bootstrap\\HandleExceptions->Illuminate\\Foundation\\Bootstrap\\{closure}(2, 'Undefined array...', '/Applications/M...', 62)
#2 /Applications/MAMP/htdocs/BookingCore/modules/Booking/Controllers/BookingController.php(701): Shaz3e\\PeachPayment\\Helpers\\PeachPayment::createCheckout(2420.0)
#3 /Applications/MAMP/htdocs/BookingCore/vendor/laravel/framework/src/Illuminate/Routing/Controller.php(54): Modules\\Booking\\Controllers\\BookingController->peachCheckout(Object(Illuminate\\Http\\Request))
#4 /Applications/MAMP/htdocs/BookingCore/vendor/laravel/framework/src/Illuminate/Routing/ControllerDispatcher.php(43): Illuminate\\Routing\\Controller->callAction('peachCheckout', Array)
#5 /Applications/MAMP/htdocs/BookingCore/vendor/laravel/framework/src/Illuminate/Routing/Route.php(260): Illuminate\\Routing\\ControllerDispatcher->dispatch(Object(Illuminate\\Routing\\Route), Object(Modules\\Booking\\Controllers\\BookingController), 'peachCheckout')
#6 /Applications/MAMP/htdocs/BookingCore/vendor/laravel/framework/src/Illuminate/Routing/Route.php(205): Illuminate\\Routing\\Route->runController()
#7 /Applications/MAMP/htdocs/BookingCore/vendor/laravel/framework/src/Illuminate/Routing/Router.php(798): Illuminate\\Routing\\Route->run()
#8 /Applications/MAMP/htdocs/BookingCore/vendor/laravel/framework/src/Illuminate/Pipeline/Pipeline.php(141): Illuminate\\Routing\\Router->Illuminate\\Routing\\{closure}(Object(Illuminate\\Http\\Request))
#9 /Applications/MAMP/htdocs/BookingCore/app/Http/Middleware/RequireChangePassword.php(41): Illuminate\\Pipeline\\Pipeline->Illuminate\\Pipeline\\{closure}(Object(Illuminate\\Http\\Request))
#10 /Applications/MAMP/htdocs/BookingCore/vendor/laravel/framework/src/Illuminate/Pipeline/Pipeline.php(180): App\\Http\\Middleware\\RequireChangePassword->handle(Object(Illuminate\\Http\\Request), Object(Closure))
#11 /Applications/MAMP/htdocs/BookingCore/app/Http/Middleware/SetLanguageForAdmin.php(37): Illuminate\\Pipeline\\Pipeline->Illuminate\\Pipeline\\{closure}(Object(Illuminate\\Http\\Request))
#12 /Applications/MAMP/htdocs/BookingCore/vendor/laravel/framework/src/Illuminate/Pipeline/Pipeline.php(180): App\\Http\\Middleware\\SetLanguageForAdmin->handle(Object(Illuminate\\Http\\Request), Object(Closure))
#13 /Applications/MAMP/htdocs/BookingCore/app/Http/Middleware/SetCurrentCurrency.php(48): Illuminate\\Pipeline\\Pipeline->Illuminate\\Pipeline\\{closure}(Object(Illuminate\\Http\\Request))
#14 /Applications/MAMP/htdocs/BookingCore/vendor/laravel/framework/src/Illuminate/Pipeline/Pipeline.php(180): App\\Http\\Middleware\\SetCurrentCurrency->handle(Object(Illuminate\\Http\\Request), Object(Closure))
#15 /Applications/MAMP/htdocs/BookingCore/app/Http/Middleware/HideDebugbar.php(32): Illuminate\\Pipeline\\Pipeline->Illuminate\\Pipeline\\{closure}(Object(Illuminate\\Http\\Request))
#16 /Applications/MAMP/htdocs/BookingCore/vendor/laravel/framework/src/Illuminate/Pipeline/Pipeline.php(180): App\\Http\\Middleware\\HideDebugbar->handle(Object(Illuminate\\Http\\Request), Object(Closure))
#17 /Applications/MAMP/htdocs/BookingCore/app/Http/Middleware/RedirectForMultiLanguage.php(58): Illuminate\\Pipeline\\Pipeline->Illuminate\\Pipeline\\{closure}(Object(Illuminate\\Http\\Request))
#18 /Applications/MAMP/htdocs/BookingCore/vendor/laravel/framework/src/Illuminate/Pipeline/Pipeline.php(180): App\\Http\\Middleware\\RedirectForMultiLanguage->handle(Object(Illuminate\\Http\\Request), Object(Closure))
#19 /Applications/MAMP/htdocs/BookingCore/vendor/laravel/framework/src/Illuminate/Routing/Middleware/SubstituteBindings.php(50): Illuminate\\Pipeline\\Pipeline->Illuminate\\Pipeline\\{closure}(Object(Illuminate\\Http\\Request))
#20 /Applications/MAMP/htdocs/BookingCore/vendor/laravel/framework/src/Illuminate/Pipeline/Pipeline.php(180): Illuminate\\Routing\\Middleware\\SubstituteBindings->handle(Object(Illuminate\\Http\\Request), Object(Closure))
#21 /Applications/MAMP/htdocs/BookingCore/vendor/laravel/framework/src/Illuminate/Foundation/Http/Middleware/VerifyCsrfToken.php(78): Illuminate\\Pipeline\\Pipeline->Illuminate\\Pipeline\\{closure}(Object(Illuminate\\Http\\Request))
#22 /Applications/MAMP/htdocs/BookingCore/vendor/laravel/framework/src/Illuminate/Pipeline/Pipeline.php(180): Illuminate\\Foundation\\Http\\Middleware\\VerifyCsrfToken->handle(Object(Illuminate\\Http\\Request), Object(Closure))
#23 /Applications/MAMP/htdocs/BookingCore/vendor/laravel/framework/src/Illuminate/View/Middleware/ShareErrorsFromSession.php(49): Illuminate\\Pipeline\\Pipeline->Illuminate\\Pipeline\\{closure}(Object(Illuminate\\Http\\Request))
#24 /Applications/MAMP/htdocs/BookingCore/vendor/laravel/framework/src/Illuminate/Pipeline/Pipeline.php(180): Illuminate\\View\\Middleware\\ShareErrorsFromSession->handle(Object(Illuminate\\Http\\Request), Object(Closure))
#25 /Applications/MAMP/htdocs/BookingCore/vendor/laravel/framework/src/Illuminate/Session/Middleware/StartSession.php(121): Illuminate\\Pipeline\\Pipeline->Illuminate\\Pipeline\\{closure}(Object(Illuminate\\Http\\Request))
#26 /Applications/MAMP/htdocs/BookingCore/vendor/laravel/framework/src/Illuminate/Session/Middleware/StartSession.php(64): Illuminate\\Session\\Middleware\\StartSession->handleStatefulRequest(Object(Illuminate\\Http\\Request), Object(Illuminate\\Session\\Store), Object(Closure))
#27 /Applications/MAMP/htdocs/BookingCore/vendor/laravel/framework/src/Illuminate/Pipeline/Pipeline.php(180): Illuminate\\Session\\Middleware\\StartSession->handle(Object(Illuminate\\Http\\Request), Object(Closure))
#28 /Applications/MAMP/htdocs/BookingCore/vendor/laravel/framework/src/Illuminate/Cookie/Middleware/AddQueuedCookiesToResponse.php(37): Illuminate\\Pipeline\\Pipeline->Illuminate\\Pipeline\\{closure}(Object(Illuminate\\Http\\Request))
#29 /Applications/MAMP/htdocs/BookingCore/vendor/laravel/framework/src/Illuminate/Pipeline/Pipeline.php(180): Illuminate\\Cookie\\Middleware\\AddQueuedCookiesToResponse->handle(Object(Illuminate\\Http\\Request), Object(Closure))
#30 /Applications/MAMP/htdocs/BookingCore/vendor/laravel/framework/src/Illuminate/Cookie/Middleware/EncryptCookies.php(67): Illuminate\\Pipeline\\Pipeline->Illuminate\\Pipeline\\{closure}(Object(Illuminate\\Http\\Request))
#31 /Applications/MAMP/htdocs/BookingCore/vendor/laravel/framework/src/Illuminate/Pipeline/Pipeline.php(180): Illuminate\\Cookie\\Middleware\\EncryptCookies->handle(Object(Illuminate\\Http\\Request), Object(Closure))
#32 /Applications/MAMP/htdocs/BookingCore/vendor/laravel/framework/src/Illuminate/Pipeline/Pipeline.php(116): Illuminate\\Pipeline\\Pipeline->Illuminate\\Pipeline\\{closure}(Object(Illuminate\\Http\\Request))
#33 /Applications/MAMP/htdocs/BookingCore/vendor/laravel/framework/src/Illuminate/Routing/Router.php(799): Illuminate\\Pipeline\\Pipeline->then(Object(Closure))
#34 /Applications/MAMP/htdocs/BookingCore/vendor/laravel/framework/src/Illuminate/Routing/Router.php(776): Illuminate\\Routing\\Router->runRouteWithinStack(Object(Illuminate\\Routing\\Route), Object(Illuminate\\Http\\Request))
#35 /Applications/MAMP/htdocs/BookingCore/vendor/laravel/framework/src/Illuminate/Routing/Router.php(740): Illuminate\\Routing\\Router->runRoute(Object(Illuminate\\Http\\Request), Object(Illuminate\\Routing\\Route))
#36 /Applications/MAMP/htdocs/BookingCore/vendor/laravel/framework/src/Illuminate/Routing/Router.php(729): Illuminate\\Routing\\Router->dispatchToRoute(Object(Illuminate\\Http\\Request))
#37 /Applications/MAMP/htdocs/BookingCore/vendor/laravel/framework/src/Illuminate/Foundation/Http/Kernel.php(190): Illuminate\\Routing\\Router->dispatch(Object(Illuminate\\Http\\Request))
#38 /Applications/MAMP/htdocs/BookingCore/vendor/laravel/framework/src/Illuminate/Pipeline/Pipeline.php(141): Illuminate\\Foundation\\Http\\Kernel->Illuminate\\Foundation\\Http\\{closure}(Object(Illuminate\\Http\\Request))
#39 /Applications/MAMP/htdocs/BookingCore/themes/Base/Core/Middleware/RunUpdater.php(76): Illuminate\\Pipeline\\Pipeline->Illuminate\\Pipeline\\{closure}(Object(Illuminate\\Http\\Request))
#40 /Applications/MAMP/htdocs/BookingCore/vendor/laravel/framework/src/Illuminate/Pipeline/Pipeline.php(180): Themes\\Base\\Core\\Middleware\\RunUpdater->handle(Object(Illuminate\\Http\\Request), Object(Closure))
#41 /Applications/MAMP/htdocs/BookingCore/vendor/barryvdh/laravel-debugbar/src/Middleware/InjectDebugbar.php(66): Illuminate\\Pipeline\\Pipeline->Illuminate\\Pipeline\\{closure}(Object(Illuminate\\Http\\Request))
#42 /Applications/MAMP/htdocs/BookingCore/vendor/laravel/framework/src/Illuminate/Pipeline/Pipeline.php(180): Barryvdh\\Debugbar\\Middleware\\InjectDebugbar->handle(Object(Illuminate\\Http\\Request), Object(Closure))
#43 /Applications/MAMP/htdocs/BookingCore/vendor/laravel/framework/src/Illuminate/Foundation/Http/Middleware/TransformsRequest.php(21): Illuminate\\Pipeline\\Pipeline->Illuminate\\Pipeline\\{closure}(Object(Illuminate\\Http\\Request))
#44 /Applications/MAMP/htdocs/BookingCore/vendor/laravel/framework/src/Illuminate/Foundation/Http/Middleware/ConvertEmptyStringsToNull.php(31): Illuminate\\Foundation\\Http\\Middleware\\TransformsRequest->handle(Object(Illuminate\\Http\\Request), Object(Closure))
#45 /Applications/MAMP/htdocs/BookingCore/vendor/laravel/framework/src/Illuminate/Pipeline/Pipeline.php(180): Illuminate\\Foundation\\Http\\Middleware\\ConvertEmptyStringsToNull->handle(Object(Illuminate\\Http\\Request), Object(Closure))
#46 /Applications/MAMP/htdocs/BookingCore/vendor/laravel/framework/src/Illuminate/Foundation/Http/Middleware/TransformsRequest.php(21): Illuminate\\Pipeline\\Pipeline->Illuminate\\Pipeline\\{closure}(Object(Illuminate\\Http\\Request))
#47 /Applications/MAMP/htdocs/BookingCore/vendor/laravel/framework/src/Illuminate/Foundation/Http/Middleware/TrimStrings.php(40): Illuminate\\Foundation\\Http\\Middleware\\TransformsRequest->handle(Object(Illuminate\\Http\\Request), Object(Closure))
#48 /Applications/MAMP/htdocs/BookingCore/vendor/laravel/framework/src/Illuminate/Pipeline/Pipeline.php(180): Illuminate\\Foundation\\Http\\Middleware\\TrimStrings->handle(Object(Illuminate\\Http\\Request), Object(Closure))
#49 /Applications/MAMP/htdocs/BookingCore/vendor/laravel/framework/src/Illuminate/Foundation/Http/Middleware/ValidatePostSize.php(27): Illuminate\\Pipeline\\Pipeline->Illuminate\\Pipeline\\{closure}(Object(Illuminate\\Http\\Request))
#50 /Applications/MAMP/htdocs/BookingCore/vendor/laravel/framework/src/Illuminate/Pipeline/Pipeline.php(180): Illuminate\\Foundation\\Http\\Middleware\\ValidatePostSize->handle(Object(Illuminate\\Http\\Request), Object(Closure))
#51 /Applications/MAMP/htdocs/BookingCore/vendor/laravel/framework/src/Illuminate/Foundation/Http/Middleware/PreventRequestsDuringMaintenance.php(86): Illuminate\\Pipeline\\Pipeline->Illuminate\\Pipeline\\{closure}(Object(Illuminate\\Http\\Request))
#52 /Applications/MAMP/htdocs/BookingCore/vendor/laravel/framework/src/Illuminate/Pipeline/Pipeline.php(180): Illuminate\\Foundation\\Http\\Middleware\\PreventRequestsDuringMaintenance->handle(Object(Illuminate\\Http\\Request), Object(Closure))
#53 /Applications/MAMP/htdocs/BookingCore/vendor/laravel/framework/src/Illuminate/Http/Middleware/HandleCors.php(49): Illuminate\\Pipeline\\Pipeline->Illuminate\\Pipeline\\{closure}(Object(Illuminate\\Http\\Request))
#54 /Applications/MAMP/htdocs/BookingCore/vendor/laravel/framework/src/Illuminate/Pipeline/Pipeline.php(180): Illuminate\\Http\\Middleware\\HandleCors->handle(Object(Illuminate\\Http\\Request), Object(Closure))
#55 /Applications/MAMP/htdocs/BookingCore/app/Http/Middleware/RedirectToInstaller.php(40): Illuminate\\Pipeline\\Pipeline->Illuminate\\Pipeline\\{closure}(Object(Illuminate\\Http\\Request))
#56 /Applications/MAMP/htdocs/BookingCore/vendor/laravel/framework/src/Illuminate/Pipeline/Pipeline.php(180): App\\Http\\Middleware\\RedirectToInstaller->handle(Object(Illuminate\\Http\\Request), Object(Closure))
#57 /Applications/MAMP/htdocs/BookingCore/vendor/laravel/framework/src/Illuminate/Http/Middleware/TrustProxies.php(39): Illuminate\\Pipeline\\Pipeline->Illuminate\\Pipeline\\{closure}(Object(Illuminate\\Http\\Request))
#58 /Applications/MAMP/htdocs/BookingCore/vendor/laravel/framework/src/Illuminate/Pipeline/Pipeline.php(180): Illuminate\\Http\\Middleware\\TrustProxies->handle(Object(Illuminate\\Http\\Request), Object(Closure))
#59 /Applications/MAMP/htdocs/BookingCore/vendor/laravel/framework/src/Illuminate/Pipeline/Pipeline.php(116): Illuminate\\Pipeline\\Pipeline->Illuminate\\Pipeline\\{closure}(Object(Illuminate\\Http\\Request))
#60 /Applications/MAMP/htdocs/BookingCore/vendor/laravel/framework/src/Illuminate/Foundation/Http/Kernel.php(165): Illuminate\\Pipeline\\Pipeline->then(Object(Closure))
#61 /Applications/MAMP/htdocs/BookingCore/vendor/laravel/framework/src/Illuminate/Foundation/Http/Kernel.php(134): Illuminate\\Foundation\\Http\\Kernel->sendRequestThroughRouter(Object(Illuminate\\Http\\Request))
#62 /Applications/MAMP/htdocs/BookingCore/public/index.php(75): Illuminate\\Foundation\\Http\\Kernel->handle(Object(Illuminate\\Http\\Request))
#63 /Applications/MAMP/htdocs/BookingCore/server.php(21): require_once('/Applications/M...')
#64 {main}
"} 
[2024-01-28 01:44:45] local.ERROR: Undefined array key "amount" {"userId":6,"exception":"[object] (ErrorException(code: 0): Undefined array key \"amount\" at /Applications/MAMP/htdocs/BookingCore/modules/Booking/Controllers/BookingController.php:697)
[stacktrace]
#0 /Applications/MAMP/htdocs/BookingCore/vendor/laravel/framework/src/Illuminate/Foundation/Bootstrap/HandleExceptions.php(270): Illuminate\\Foundation\\Bootstrap\\HandleExceptions->handleError(2, 'Undefined array...', '/Applications/M...', 697)
#1 /Applications/MAMP/htdocs/BookingCore/modules/Booking/Controllers/BookingController.php(697): Illuminate\\Foundation\\Bootstrap\\HandleExceptions->Illuminate\\Foundation\\Bootstrap\\{closure}(2, 'Undefined array...', '/Applications/M...', 697)
#2 /Applications/MAMP/htdocs/BookingCore/vendor/laravel/framework/src/Illuminate/Routing/Controller.php(54): Modules\\Booking\\Controllers\\BookingController->peachCheckout(Object(Illuminate\\Http\\Request))
#3 /Applications/MAMP/htdocs/BookingCore/vendor/laravel/framework/src/Illuminate/Routing/ControllerDispatcher.php(43): Illuminate\\Routing\\Controller->callAction('peachCheckout', Array)
#4 /Applications/MAMP/htdocs/BookingCore/vendor/laravel/framework/src/Illuminate/Routing/Route.php(260): Illuminate\\Routing\\ControllerDispatcher->dispatch(Object(Illuminate\\Routing\\Route), Object(Modules\\Booking\\Controllers\\BookingController), 'peachCheckout')
#5 /Applications/MAMP/htdocs/BookingCore/vendor/laravel/framework/src/Illuminate/Routing/Route.php(205): Illuminate\\Routing\\Route->runController()
#6 /Applications/MAMP/htdocs/BookingCore/vendor/laravel/framework/src/Illuminate/Routing/Router.php(798): Illuminate\\Routing\\Route->run()
#7 /Applications/MAMP/htdocs/BookingCore/vendor/laravel/framework/src/Illuminate/Pipeline/Pipeline.php(141): Illuminate\\Routing\\Router->Illuminate\\Routing\\{closure}(Object(Illuminate\\Http\\Request))
#8 /Applications/MAMP/htdocs/BookingCore/app/Http/Middleware/RequireChangePassword.php(41): Illuminate\\Pipeline\\Pipeline->Illuminate\\Pipeline\\{closure}(Object(Illuminate\\Http\\Request))
#9 /Applications/MAMP/htdocs/BookingCore/vendor/laravel/framework/src/Illuminate/Pipeline/Pipeline.php(180): App\\Http\\Middleware\\RequireChangePassword->handle(Object(Illuminate\\Http\\Request), Object(Closure))
#10 /Applications/MAMP/htdocs/BookingCore/app/Http/Middleware/SetLanguageForAdmin.php(37): Illuminate\\Pipeline\\Pipeline->Illuminate\\Pipeline\\{closure}(Object(Illuminate\\Http\\Request))
#11 /Applications/MAMP/htdocs/BookingCore/vendor/laravel/framework/src/Illuminate/Pipeline/Pipeline.php(180): App\\Http\\Middleware\\SetLanguageForAdmin->handle(Object(Illuminate\\Http\\Request), Object(Closure))
#12 /Applications/MAMP/htdocs/BookingCore/app/Http/Middleware/SetCurrentCurrency.php(48): Illuminate\\Pipeline\\Pipeline->Illuminate\\Pipeline\\{closure}(Object(Illuminate\\Http\\Request))
#13 /Applications/MAMP/htdocs/BookingCore/vendor/laravel/framework/src/Illuminate/Pipeline/Pipeline.php(180): App\\Http\\Middleware\\SetCurrentCurrency->handle(Object(Illuminate\\Http\\Request), Object(Closure))
#14 /Applications/MAMP/htdocs/BookingCore/app/Http/Middleware/HideDebugbar.php(32): Illuminate\\Pipeline\\Pipeline->Illuminate\\Pipeline\\{closure}(Object(Illuminate\\Http\\Request))
#15 /Applications/MAMP/htdocs/BookingCore/vendor/laravel/framework/src/Illuminate/Pipeline/Pipeline.php(180): App\\Http\\Middleware\\HideDebugbar->handle(Object(Illuminate\\Http\\Request), Object(Closure))
#16 /Applications/MAMP/htdocs/BookingCore/app/Http/Middleware/RedirectForMultiLanguage.php(58): Illuminate\\Pipeline\\Pipeline->Illuminate\\Pipeline\\{closure}(Object(Illuminate\\Http\\Request))
#17 /Applications/MAMP/htdocs/BookingCore/vendor/laravel/framework/src/Illuminate/Pipeline/Pipeline.php(180): App\\Http\\Middleware\\RedirectForMultiLanguage->handle(Object(Illuminate\\Http\\Request), Object(Closure))
#18 /Applications/MAMP/htdocs/BookingCore/vendor/laravel/framework/src/Illuminate/Routing/Middleware/SubstituteBindings.php(50): Illuminate\\Pipeline\\Pipeline->Illuminate\\Pipeline\\{closure}(Object(Illuminate\\Http\\Request))
#19 /Applications/MAMP/htdocs/BookingCore/vendor/laravel/framework/src/Illuminate/Pipeline/Pipeline.php(180): Illuminate\\Routing\\Middleware\\SubstituteBindings->handle(Object(Illuminate\\Http\\Request), Object(Closure))
#20 /Applications/MAMP/htdocs/BookingCore/vendor/laravel/framework/src/Illuminate/Foundation/Http/Middleware/VerifyCsrfToken.php(78): Illuminate\\Pipeline\\Pipeline->Illuminate\\Pipeline\\{closure}(Object(Illuminate\\Http\\Request))
#21 /Applications/MAMP/htdocs/BookingCore/vendor/laravel/framework/src/Illuminate/Pipeline/Pipeline.php(180): Illuminate\\Foundation\\Http\\Middleware\\VerifyCsrfToken->handle(Object(Illuminate\\Http\\Request), Object(Closure))
#22 /Applications/MAMP/htdocs/BookingCore/vendor/laravel/framework/src/Illuminate/View/Middleware/ShareErrorsFromSession.php(49): Illuminate\\Pipeline\\Pipeline->Illuminate\\Pipeline\\{closure}(Object(Illuminate\\Http\\Request))
#23 /Applications/MAMP/htdocs/BookingCore/vendor/laravel/framework/src/Illuminate/Pipeline/Pipeline.php(180): Illuminate\\View\\Middleware\\ShareErrorsFromSession->handle(Object(Illuminate\\Http\\Request), Object(Closure))
#24 /Applications/MAMP/htdocs/BookingCore/vendor/laravel/framework/src/Illuminate/Session/Middleware/StartSession.php(121): Illuminate\\Pipeline\\Pipeline->Illuminate\\Pipeline\\{closure}(Object(Illuminate\\Http\\Request))
#25 /Applications/MAMP/htdocs/BookingCore/vendor/laravel/framework/src/Illuminate/Session/Middleware/StartSession.php(64): Illuminate\\Session\\Middleware\\StartSession->handleStatefulRequest(Object(Illuminate\\Http\\Request), Object(Illuminate\\Session\\Store), Object(Closure))
#26 /Applications/MAMP/htdocs/BookingCore/vendor/laravel/framework/src/Illuminate/Pipeline/Pipeline.php(180): Illuminate\\Session\\Middleware\\StartSession->handle(Object(Illuminate\\Http\\Request), Object(Closure))
#27 /Applications/MAMP/htdocs/BookingCore/vendor/laravel/framework/src/Illuminate/Cookie/Middleware/AddQueuedCookiesToResponse.php(37): Illuminate\\Pipeline\\Pipeline->Illuminate\\Pipeline\\{closure}(Object(Illuminate\\Http\\Request))
#28 /Applications/MAMP/htdocs/BookingCore/vendor/laravel/framework/src/Illuminate/Pipeline/Pipeline.php(180): Illuminate\\Cookie\\Middleware\\AddQueuedCookiesToResponse->handle(Object(Illuminate\\Http\\Request), Object(Closure))
#29 /Applications/MAMP/htdocs/BookingCore/vendor/laravel/framework/src/Illuminate/Cookie/Middleware/EncryptCookies.php(67): Illuminate\\Pipeline\\Pipeline->Illuminate\\Pipeline\\{closure}(Object(Illuminate\\Http\\Request))
#30 /Applications/MAMP/htdocs/BookingCore/vendor/laravel/framework/src/Illuminate/Pipeline/Pipeline.php(180): Illuminate\\Cookie\\Middleware\\EncryptCookies->handle(Object(Illuminate\\Http\\Request), Object(Closure))
#31 /Applications/MAMP/htdocs/BookingCore/vendor/laravel/framework/src/Illuminate/Pipeline/Pipeline.php(116): Illuminate\\Pipeline\\Pipeline->Illuminate\\Pipeline\\{closure}(Object(Illuminate\\Http\\Request))
#32 /Applications/MAMP/htdocs/BookingCore/vendor/laravel/framework/src/Illuminate/Routing/Router.php(799): Illuminate\\Pipeline\\Pipeline->then(Object(Closure))
#33 /Applications/MAMP/htdocs/BookingCore/vendor/laravel/framework/src/Illuminate/Routing/Router.php(776): Illuminate\\Routing\\Router->runRouteWithinStack(Object(Illuminate\\Routing\\Route), Object(Illuminate\\Http\\Request))
#34 /Applications/MAMP/htdocs/BookingCore/vendor/laravel/framework/src/Illuminate/Routing/Router.php(740): Illuminate\\Routing\\Router->runRoute(Object(Illuminate\\Http\\Request), Object(Illuminate\\Routing\\Route))
#35 /Applications/MAMP/htdocs/BookingCore/vendor/laravel/framework/src/Illuminate/Routing/Router.php(729): Illuminate\\Routing\\Router->dispatchToRoute(Object(Illuminate\\Http\\Request))
#36 /Applications/MAMP/htdocs/BookingCore/vendor/laravel/framework/src/Illuminate/Foundation/Http/Kernel.php(190): Illuminate\\Routing\\Router->dispatch(Object(Illuminate\\Http\\Request))
#37 /Applications/MAMP/htdocs/BookingCore/vendor/laravel/framework/src/Illuminate/Pipeline/Pipeline.php(141): Illuminate\\Foundation\\Http\\Kernel->Illuminate\\Foundation\\Http\\{closure}(Object(Illuminate\\Http\\Request))
#38 /Applications/MAMP/htdocs/BookingCore/themes/Base/Core/Middleware/RunUpdater.php(76): Illuminate\\Pipeline\\Pipeline->Illuminate\\Pipeline\\{closure}(Object(Illuminate\\Http\\Request))
#39 /Applications/MAMP/htdocs/BookingCore/vendor/laravel/framework/src/Illuminate/Pipeline/Pipeline.php(180): Themes\\Base\\Core\\Middleware\\RunUpdater->handle(Object(Illuminate\\Http\\Request), Object(Closure))
#40 /Applications/MAMP/htdocs/BookingCore/vendor/barryvdh/laravel-debugbar/src/Middleware/InjectDebugbar.php(66): Illuminate\\Pipeline\\Pipeline->Illuminate\\Pipeline\\{closure}(Object(Illuminate\\Http\\Request))
#41 /Applications/MAMP/htdocs/BookingCore/vendor/laravel/framework/src/Illuminate/Pipeline/Pipeline.php(180): Barryvdh\\Debugbar\\Middleware\\InjectDebugbar->handle(Object(Illuminate\\Http\\Request), Object(Closure))
#42 /Applications/MAMP/htdocs/BookingCore/vendor/laravel/framework/src/Illuminate/Foundation/Http/Middleware/TransformsRequest.php(21): Illuminate\\Pipeline\\Pipeline->Illuminate\\Pipeline\\{closure}(Object(Illuminate\\Http\\Request))
#43 /Applications/MAMP/htdocs/BookingCore/vendor/laravel/framework/src/Illuminate/Foundation/Http/Middleware/ConvertEmptyStringsToNull.php(31): Illuminate\\Foundation\\Http\\Middleware\\TransformsRequest->handle(Object(Illuminate\\Http\\Request), Object(Closure))
#44 /Applications/MAMP/htdocs/BookingCore/vendor/laravel/framework/src/Illuminate/Pipeline/Pipeline.php(180): Illuminate\\Foundation\\Http\\Middleware\\ConvertEmptyStringsToNull->handle(Object(Illuminate\\Http\\Request), Object(Closure))
#45 /Applications/MAMP/htdocs/BookingCore/vendor/laravel/framework/src/Illuminate/Foundation/Http/Middleware/TransformsRequest.php(21): Illuminate\\Pipeline\\Pipeline->Illuminate\\Pipeline\\{closure}(Object(Illuminate\\Http\\Request))
#46 /Applications/MAMP/htdocs/BookingCore/vendor/laravel/framework/src/Illuminate/Foundation/Http/Middleware/TrimStrings.php(40): Illuminate\\Foundation\\Http\\Middleware\\TransformsRequest->handle(Object(Illuminate\\Http\\Request), Object(Closure))
#47 /Applications/MAMP/htdocs/BookingCore/vendor/laravel/framework/src/Illuminate/Pipeline/Pipeline.php(180): Illuminate\\Foundation\\Http\\Middleware\\TrimStrings->handle(Object(Illuminate\\Http\\Request), Object(Closure))
#48 /Applications/MAMP/htdocs/BookingCore/vendor/laravel/framework/src/Illuminate/Foundation/Http/Middleware/ValidatePostSize.php(27): Illuminate\\Pipeline\\Pipeline->Illuminate\\Pipeline\\{closure}(Object(Illuminate\\Http\\Request))
#49 /Applications/MAMP/htdocs/BookingCore/vendor/laravel/framework/src/Illuminate/Pipeline/Pipeline.php(180): Illuminate\\Foundation\\Http\\Middleware\\ValidatePostSize->handle(Object(Illuminate\\Http\\Request), Object(Closure))
#50 /Applications/MAMP/htdocs/BookingCore/vendor/laravel/framework/src/Illuminate/Foundation/Http/Middleware/PreventRequestsDuringMaintenance.php(86): Illuminate\\Pipeline\\Pipeline->Illuminate\\Pipeline\\{closure}(Object(Illuminate\\Http\\Request))
#51 /Applications/MAMP/htdocs/BookingCore/vendor/laravel/framework/src/Illuminate/Pipeline/Pipeline.php(180): Illuminate\\Foundation\\Http\\Middleware\\PreventRequestsDuringMaintenance->handle(Object(Illuminate\\Http\\Request), Object(Closure))
#52 /Applications/MAMP/htdocs/BookingCore/vendor/laravel/framework/src/Illuminate/Http/Middleware/HandleCors.php(49): Illuminate\\Pipeline\\Pipeline->Illuminate\\Pipeline\\{closure}(Object(Illuminate\\Http\\Request))
#53 /Applications/MAMP/htdocs/BookingCore/vendor/laravel/framework/src/Illuminate/Pipeline/Pipeline.php(180): Illuminate\\Http\\Middleware\\HandleCors->handle(Object(Illuminate\\Http\\Request), Object(Closure))
#54 /Applications/MAMP/htdocs/BookingCore/app/Http/Middleware/RedirectToInstaller.php(40): Illuminate\\Pipeline\\Pipeline->Illuminate\\Pipeline\\{closure}(Object(Illuminate\\Http\\Request))
#55 /Applications/MAMP/htdocs/BookingCore/vendor/laravel/framework/src/Illuminate/Pipeline/Pipeline.php(180): App\\Http\\Middleware\\RedirectToInstaller->handle(Object(Illuminate\\Http\\Request), Object(Closure))
#56 /Applications/MAMP/htdocs/BookingCore/vendor/laravel/framework/src/Illuminate/Http/Middleware/TrustProxies.php(39): Illuminate\\Pipeline\\Pipeline->Illuminate\\Pipeline\\{closure}(Object(Illuminate\\Http\\Request))
#57 /Applications/MAMP/htdocs/BookingCore/vendor/laravel/framework/src/Illuminate/Pipeline/Pipeline.php(180): Illuminate\\Http\\Middleware\\TrustProxies->handle(Object(Illuminate\\Http\\Request), Object(Closure))
#58 /Applications/MAMP/htdocs/BookingCore/vendor/laravel/framework/src/Illuminate/Pipeline/Pipeline.php(116): Illuminate\\Pipeline\\Pipeline->Illuminate\\Pipeline\\{closure}(Object(Illuminate\\Http\\Request))
#59 /Applications/MAMP/htdocs/BookingCore/vendor/laravel/framework/src/Illuminate/Foundation/Http/Kernel.php(165): Illuminate\\Pipeline\\Pipeline->then(Object(Closure))
#60 /Applications/MAMP/htdocs/BookingCore/vendor/laravel/framework/src/Illuminate/Foundation/Http/Kernel.php(134): Illuminate\\Foundation\\Http\\Kernel->sendRequestThroughRouter(Object(Illuminate\\Http\\Request))
#61 /Applications/MAMP/htdocs/BookingCore/public/index.php(75): Illuminate\\Foundation\\Http\\Kernel->handle(Object(Illuminate\\Http\\Request))
#62 /Applications/MAMP/htdocs/BookingCore/server.php(21): require_once('/Applications/M...')
#63 {main}
"} 
[2024-01-28 01:48:07] local.ERROR: Undefined array key "amount" {"userId":6,"exception":"[object] (ErrorException(code: 0): Undefined array key \"amount\" at /Applications/MAMP/htdocs/BookingCore/modules/Booking/Controllers/BookingController.php:697)
[stacktrace]
#0 /Applications/MAMP/htdocs/BookingCore/vendor/laravel/framework/src/Illuminate/Foundation/Bootstrap/HandleExceptions.php(270): Illuminate\\Foundation\\Bootstrap\\HandleExceptions->handleError(2, 'Undefined array...', '/Applications/M...', 697)
#1 /Applications/MAMP/htdocs/BookingCore/modules/Booking/Controllers/BookingController.php(697): Illuminate\\Foundation\\Bootstrap\\HandleExceptions->Illuminate\\Foundation\\Bootstrap\\{closure}(2, 'Undefined array...', '/Applications/M...', 697)
#2 /Applications/MAMP/htdocs/BookingCore/vendor/laravel/framework/src/Illuminate/Routing/Controller.php(54): Modules\\Booking\\Controllers\\BookingController->peachCheckout(Object(Illuminate\\Http\\Request))
#3 /Applications/MAMP/htdocs/BookingCore/vendor/laravel/framework/src/Illuminate/Routing/ControllerDispatcher.php(43): Illuminate\\Routing\\Controller->callAction('peachCheckout', Array)
#4 /Applications/MAMP/htdocs/BookingCore/vendor/laravel/framework/src/Illuminate/Routing/Route.php(260): Illuminate\\Routing\\ControllerDispatcher->dispatch(Object(Illuminate\\Routing\\Route), Object(Modules\\Booking\\Controllers\\BookingController), 'peachCheckout')
#5 /Applications/MAMP/htdocs/BookingCore/vendor/laravel/framework/src/Illuminate/Routing/Route.php(205): Illuminate\\Routing\\Route->runController()
#6 /Applications/MAMP/htdocs/BookingCore/vendor/laravel/framework/src/Illuminate/Routing/Router.php(798): Illuminate\\Routing\\Route->run()
#7 /Applications/MAMP/htdocs/BookingCore/vendor/laravel/framework/src/Illuminate/Pipeline/Pipeline.php(141): Illuminate\\Routing\\Router->Illuminate\\Routing\\{closure}(Object(Illuminate\\Http\\Request))
#8 /Applications/MAMP/htdocs/BookingCore/app/Http/Middleware/RequireChangePassword.php(41): Illuminate\\Pipeline\\Pipeline->Illuminate\\Pipeline\\{closure}(Object(Illuminate\\Http\\Request))
#9 /Applications/MAMP/htdocs/BookingCore/vendor/laravel/framework/src/Illuminate/Pipeline/Pipeline.php(180): App\\Http\\Middleware\\RequireChangePassword->handle(Object(Illuminate\\Http\\Request), Object(Closure))
#10 /Applications/MAMP/htdocs/BookingCore/app/Http/Middleware/SetLanguageForAdmin.php(37): Illuminate\\Pipeline\\Pipeline->Illuminate\\Pipeline\\{closure}(Object(Illuminate\\Http\\Request))
#11 /Applications/MAMP/htdocs/BookingCore/vendor/laravel/framework/src/Illuminate/Pipeline/Pipeline.php(180): App\\Http\\Middleware\\SetLanguageForAdmin->handle(Object(Illuminate\\Http\\Request), Object(Closure))
#12 /Applications/MAMP/htdocs/BookingCore/app/Http/Middleware/SetCurrentCurrency.php(48): Illuminate\\Pipeline\\Pipeline->Illuminate\\Pipeline\\{closure}(Object(Illuminate\\Http\\Request))
#13 /Applications/MAMP/htdocs/BookingCore/vendor/laravel/framework/src/Illuminate/Pipeline/Pipeline.php(180): App\\Http\\Middleware\\SetCurrentCurrency->handle(Object(Illuminate\\Http\\Request), Object(Closure))
#14 /Applications/MAMP/htdocs/BookingCore/app/Http/Middleware/HideDebugbar.php(32): Illuminate\\Pipeline\\Pipeline->Illuminate\\Pipeline\\{closure}(Object(Illuminate\\Http\\Request))
#15 /Applications/MAMP/htdocs/BookingCore/vendor/laravel/framework/src/Illuminate/Pipeline/Pipeline.php(180): App\\Http\\Middleware\\HideDebugbar->handle(Object(Illuminate\\Http\\Request), Object(Closure))
#16 /Applications/MAMP/htdocs/BookingCore/app/Http/Middleware/RedirectForMultiLanguage.php(58): Illuminate\\Pipeline\\Pipeline->Illuminate\\Pipeline\\{closure}(Object(Illuminate\\Http\\Request))
#17 /Applications/MAMP/htdocs/BookingCore/vendor/laravel/framework/src/Illuminate/Pipeline/Pipeline.php(180): App\\Http\\Middleware\\RedirectForMultiLanguage->handle(Object(Illuminate\\Http\\Request), Object(Closure))
#18 /Applications/MAMP/htdocs/BookingCore/vendor/laravel/framework/src/Illuminate/Routing/Middleware/SubstituteBindings.php(50): Illuminate\\Pipeline\\Pipeline->Illuminate\\Pipeline\\{closure}(Object(Illuminate\\Http\\Request))
#19 /Applications/MAMP/htdocs/BookingCore/vendor/laravel/framework/src/Illuminate/Pipeline/Pipeline.php(180): Illuminate\\Routing\\Middleware\\SubstituteBindings->handle(Object(Illuminate\\Http\\Request), Object(Closure))
#20 /Applications/MAMP/htdocs/BookingCore/vendor/laravel/framework/src/Illuminate/Foundation/Http/Middleware/VerifyCsrfToken.php(78): Illuminate\\Pipeline\\Pipeline->Illuminate\\Pipeline\\{closure}(Object(Illuminate\\Http\\Request))
#21 /Applications/MAMP/htdocs/BookingCore/vendor/laravel/framework/src/Illuminate/Pipeline/Pipeline.php(180): Illuminate\\Foundation\\Http\\Middleware\\VerifyCsrfToken->handle(Object(Illuminate\\Http\\Request), Object(Closure))
#22 /Applications/MAMP/htdocs/BookingCore/vendor/laravel/framework/src/Illuminate/View/Middleware/ShareErrorsFromSession.php(49): Illuminate\\Pipeline\\Pipeline->Illuminate\\Pipeline\\{closure}(Object(Illuminate\\Http\\Request))
#23 /Applications/MAMP/htdocs/BookingCore/vendor/laravel/framework/src/Illuminate/Pipeline/Pipeline.php(180): Illuminate\\View\\Middleware\\ShareErrorsFromSession->handle(Object(Illuminate\\Http\\Request), Object(Closure))
#24 /Applications/MAMP/htdocs/BookingCore/vendor/laravel/framework/src/Illuminate/Session/Middleware/StartSession.php(121): Illuminate\\Pipeline\\Pipeline->Illuminate\\Pipeline\\{closure}(Object(Illuminate\\Http\\Request))
#25 /Applications/MAMP/htdocs/BookingCore/vendor/laravel/framework/src/Illuminate/Session/Middleware/StartSession.php(64): Illuminate\\Session\\Middleware\\StartSession->handleStatefulRequest(Object(Illuminate\\Http\\Request), Object(Illuminate\\Session\\Store), Object(Closure))
#26 /Applications/MAMP/htdocs/BookingCore/vendor/laravel/framework/src/Illuminate/Pipeline/Pipeline.php(180): Illuminate\\Session\\Middleware\\StartSession->handle(Object(Illuminate\\Http\\Request), Object(Closure))
#27 /Applications/MAMP/htdocs/BookingCore/vendor/laravel/framework/src/Illuminate/Cookie/Middleware/AddQueuedCookiesToResponse.php(37): Illuminate\\Pipeline\\Pipeline->Illuminate\\Pipeline\\{closure}(Object(Illuminate\\Http\\Request))
#28 /Applications/MAMP/htdocs/BookingCore/vendor/laravel/framework/src/Illuminate/Pipeline/Pipeline.php(180): Illuminate\\Cookie\\Middleware\\AddQueuedCookiesToResponse->handle(Object(Illuminate\\Http\\Request), Object(Closure))
#29 /Applications/MAMP/htdocs/BookingCore/vendor/laravel/framework/src/Illuminate/Cookie/Middleware/EncryptCookies.php(67): Illuminate\\Pipeline\\Pipeline->Illuminate\\Pipeline\\{closure}(Object(Illuminate\\Http\\Request))
#30 /Applications/MAMP/htdocs/BookingCore/vendor/laravel/framework/src/Illuminate/Pipeline/Pipeline.php(180): Illuminate\\Cookie\\Middleware\\EncryptCookies->handle(Object(Illuminate\\Http\\Request), Object(Closure))
#31 /Applications/MAMP/htdocs/BookingCore/vendor/laravel/framework/src/Illuminate/Pipeline/Pipeline.php(116): Illuminate\\Pipeline\\Pipeline->Illuminate\\Pipeline\\{closure}(Object(Illuminate\\Http\\Request))
#32 /Applications/MAMP/htdocs/BookingCore/vendor/laravel/framework/src/Illuminate/Routing/Router.php(799): Illuminate\\Pipeline\\Pipeline->then(Object(Closure))
#33 /Applications/MAMP/htdocs/BookingCore/vendor/laravel/framework/src/Illuminate/Routing/Router.php(776): Illuminate\\Routing\\Router->runRouteWithinStack(Object(Illuminate\\Routing\\Route), Object(Illuminate\\Http\\Request))
#34 /Applications/MAMP/htdocs/BookingCore/vendor/laravel/framework/src/Illuminate/Routing/Router.php(740): Illuminate\\Routing\\Router->runRoute(Object(Illuminate\\Http\\Request), Object(Illuminate\\Routing\\Route))
#35 /Applications/MAMP/htdocs/BookingCore/vendor/laravel/framework/src/Illuminate/Routing/Router.php(729): Illuminate\\Routing\\Router->dispatchToRoute(Object(Illuminate\\Http\\Request))
#36 /Applications/MAMP/htdocs/BookingCore/vendor/laravel/framework/src/Illuminate/Foundation/Http/Kernel.php(190): Illuminate\\Routing\\Router->dispatch(Object(Illuminate\\Http\\Request))
#37 /Applications/MAMP/htdocs/BookingCore/vendor/laravel/framework/src/Illuminate/Pipeline/Pipeline.php(141): Illuminate\\Foundation\\Http\\Kernel->Illuminate\\Foundation\\Http\\{closure}(Object(Illuminate\\Http\\Request))
#38 /Applications/MAMP/htdocs/BookingCore/themes/Base/Core/Middleware/RunUpdater.php(76): Illuminate\\Pipeline\\Pipeline->Illuminate\\Pipeline\\{closure}(Object(Illuminate\\Http\\Request))
#39 /Applications/MAMP/htdocs/BookingCore/vendor/laravel/framework/src/Illuminate/Pipeline/Pipeline.php(180): Themes\\Base\\Core\\Middleware\\RunUpdater->handle(Object(Illuminate\\Http\\Request), Object(Closure))
#40 /Applications/MAMP/htdocs/BookingCore/vendor/barryvdh/laravel-debugbar/src/Middleware/InjectDebugbar.php(66): Illuminate\\Pipeline\\Pipeline->Illuminate\\Pipeline\\{closure}(Object(Illuminate\\Http\\Request))
#41 /Applications/MAMP/htdocs/BookingCore/vendor/laravel/framework/src/Illuminate/Pipeline/Pipeline.php(180): Barryvdh\\Debugbar\\Middleware\\InjectDebugbar->handle(Object(Illuminate\\Http\\Request), Object(Closure))
#42 /Applications/MAMP/htdocs/BookingCore/vendor/laravel/framework/src/Illuminate/Foundation/Http/Middleware/TransformsRequest.php(21): Illuminate\\Pipeline\\Pipeline->Illuminate\\Pipeline\\{closure}(Object(Illuminate\\Http\\Request))
#43 /Applications/MAMP/htdocs/BookingCore/vendor/laravel/framework/src/Illuminate/Foundation/Http/Middleware/ConvertEmptyStringsToNull.php(31): Illuminate\\Foundation\\Http\\Middleware\\TransformsRequest->handle(Object(Illuminate\\Http\\Request), Object(Closure))
#44 /Applications/MAMP/htdocs/BookingCore/vendor/laravel/framework/src/Illuminate/Pipeline/Pipeline.php(180): Illuminate\\Foundation\\Http\\Middleware\\ConvertEmptyStringsToNull->handle(Object(Illuminate\\Http\\Request), Object(Closure))
#45 /Applications/MAMP/htdocs/BookingCore/vendor/laravel/framework/src/Illuminate/Foundation/Http/Middleware/TransformsRequest.php(21): Illuminate\\Pipeline\\Pipeline->Illuminate\\Pipeline\\{closure}(Object(Illuminate\\Http\\Request))
#46 /Applications/MAMP/htdocs/BookingCore/vendor/laravel/framework/src/Illuminate/Foundation/Http/Middleware/TrimStrings.php(40): Illuminate\\Foundation\\Http\\Middleware\\TransformsRequest->handle(Object(Illuminate\\Http\\Request), Object(Closure))
#47 /Applications/MAMP/htdocs/BookingCore/vendor/laravel/framework/src/Illuminate/Pipeline/Pipeline.php(180): Illuminate\\Foundation\\Http\\Middleware\\TrimStrings->handle(Object(Illuminate\\Http\\Request), Object(Closure))
#48 /Applications/MAMP/htdocs/BookingCore/vendor/laravel/framework/src/Illuminate/Foundation/Http/Middleware/ValidatePostSize.php(27): Illuminate\\Pipeline\\Pipeline->Illuminate\\Pipeline\\{closure}(Object(Illuminate\\Http\\Request))
#49 /Applications/MAMP/htdocs/BookingCore/vendor/laravel/framework/src/Illuminate/Pipeline/Pipeline.php(180): Illuminate\\Foundation\\Http\\Middleware\\ValidatePostSize->handle(Object(Illuminate\\Http\\Request), Object(Closure))
#50 /Applications/MAMP/htdocs/BookingCore/vendor/laravel/framework/src/Illuminate/Foundation/Http/Middleware/PreventRequestsDuringMaintenance.php(86): Illuminate\\Pipeline\\Pipeline->Illuminate\\Pipeline\\{closure}(Object(Illuminate\\Http\\Request))
#51 /Applications/MAMP/htdocs/BookingCore/vendor/laravel/framework/src/Illuminate/Pipeline/Pipeline.php(180): Illuminate\\Foundation\\Http\\Middleware\\PreventRequestsDuringMaintenance->handle(Object(Illuminate\\Http\\Request), Object(Closure))
#52 /Applications/MAMP/htdocs/BookingCore/vendor/laravel/framework/src/Illuminate/Http/Middleware/HandleCors.php(49): Illuminate\\Pipeline\\Pipeline->Illuminate\\Pipeline\\{closure}(Object(Illuminate\\Http\\Request))
#53 /Applications/MAMP/htdocs/BookingCore/vendor/laravel/framework/src/Illuminate/Pipeline/Pipeline.php(180): Illuminate\\Http\\Middleware\\HandleCors->handle(Object(Illuminate\\Http\\Request), Object(Closure))
#54 /Applications/MAMP/htdocs/BookingCore/app/Http/Middleware/RedirectToInstaller.php(40): Illuminate\\Pipeline\\Pipeline->Illuminate\\Pipeline\\{closure}(Object(Illuminate\\Http\\Request))
#55 /Applications/MAMP/htdocs/BookingCore/vendor/laravel/framework/src/Illuminate/Pipeline/Pipeline.php(180): App\\Http\\Middleware\\RedirectToInstaller->handle(Object(Illuminate\\Http\\Request), Object(Closure))
#56 /Applications/MAMP/htdocs/BookingCore/vendor/laravel/framework/src/Illuminate/Http/Middleware/TrustProxies.php(39): Illuminate\\Pipeline\\Pipeline->Illuminate\\Pipeline\\{closure}(Object(Illuminate\\Http\\Request))
#57 /Applications/MAMP/htdocs/BookingCore/vendor/laravel/framework/src/Illuminate/Pipeline/Pipeline.php(180): Illuminate\\Http\\Middleware\\TrustProxies->handle(Object(Illuminate\\Http\\Request), Object(Closure))
#58 /Applications/MAMP/htdocs/BookingCore/vendor/laravel/framework/src/Illuminate/Pipeline/Pipeline.php(116): Illuminate\\Pipeline\\Pipeline->Illuminate\\Pipeline\\{closure}(Object(Illuminate\\Http\\Request))
#59 /Applications/MAMP/htdocs/BookingCore/vendor/laravel/framework/src/Illuminate/Foundation/Http/Kernel.php(165): Illuminate\\Pipeline\\Pipeline->then(Object(Closure))
#60 /Applications/MAMP/htdocs/BookingCore/vendor/laravel/framework/src/Illuminate/Foundation/Http/Kernel.php(134): Illuminate\\Foundation\\Http\\Kernel->sendRequestThroughRouter(Object(Illuminate\\Http\\Request))
#61 /Applications/MAMP/htdocs/BookingCore/public/index.php(75): Illuminate\\Foundation\\Http\\Kernel->handle(Object(Illuminate\\Http\\Request))
#62 /Applications/MAMP/htdocs/BookingCore/server.php(21): require_once('/Applications/M...')
#63 {main}
"} 
[2024-01-28 12:16:16] local.ERROR: Undefined array key "amount" {"exception":"[object] (ErrorException(code: 0): Undefined array key \"amount\" at /Applications/MAMP/htdocs/BookingCore/modules/Booking/Controllers/BookingController.php:697)
[stacktrace]
#0 /Applications/MAMP/htdocs/BookingCore/vendor/laravel/framework/src/Illuminate/Foundation/Bootstrap/HandleExceptions.php(270): Illuminate\\Foundation\\Bootstrap\\HandleExceptions->handleError(2, 'Undefined array...', '/Applications/M...', 697)
#1 /Applications/MAMP/htdocs/BookingCore/modules/Booking/Controllers/BookingController.php(697): Illuminate\\Foundation\\Bootstrap\\HandleExceptions->Illuminate\\Foundation\\Bootstrap\\{closure}(2, 'Undefined array...', '/Applications/M...', 697)
#2 /Applications/MAMP/htdocs/BookingCore/vendor/laravel/framework/src/Illuminate/Routing/Controller.php(54): Modules\\Booking\\Controllers\\BookingController->peachCheckout(Object(Illuminate\\Http\\Request))
#3 /Applications/MAMP/htdocs/BookingCore/vendor/laravel/framework/src/Illuminate/Routing/ControllerDispatcher.php(43): Illuminate\\Routing\\Controller->callAction('peachCheckout', Array)
#4 /Applications/MAMP/htdocs/BookingCore/vendor/laravel/framework/src/Illuminate/Routing/Route.php(260): Illuminate\\Routing\\ControllerDispatcher->dispatch(Object(Illuminate\\Routing\\Route), Object(Modules\\Booking\\Controllers\\BookingController), 'peachCheckout')
#5 /Applications/MAMP/htdocs/BookingCore/vendor/laravel/framework/src/Illuminate/Routing/Route.php(205): Illuminate\\Routing\\Route->runController()
#6 /Applications/MAMP/htdocs/BookingCore/vendor/laravel/framework/src/Illuminate/Routing/Router.php(798): Illuminate\\Routing\\Route->run()
#7 /Applications/MAMP/htdocs/BookingCore/vendor/laravel/framework/src/Illuminate/Pipeline/Pipeline.php(141): Illuminate\\Routing\\Router->Illuminate\\Routing\\{closure}(Object(Illuminate\\Http\\Request))
#8 /Applications/MAMP/htdocs/BookingCore/app/Http/Middleware/RequireChangePassword.php(41): Illuminate\\Pipeline\\Pipeline->Illuminate\\Pipeline\\{closure}(Object(Illuminate\\Http\\Request))
#9 /Applications/MAMP/htdocs/BookingCore/vendor/laravel/framework/src/Illuminate/Pipeline/Pipeline.php(180): App\\Http\\Middleware\\RequireChangePassword->handle(Object(Illuminate\\Http\\Request), Object(Closure))
#10 /Applications/MAMP/htdocs/BookingCore/app/Http/Middleware/SetLanguageForAdmin.php(37): Illuminate\\Pipeline\\Pipeline->Illuminate\\Pipeline\\{closure}(Object(Illuminate\\Http\\Request))
#11 /Applications/MAMP/htdocs/BookingCore/vendor/laravel/framework/src/Illuminate/Pipeline/Pipeline.php(180): App\\Http\\Middleware\\SetLanguageForAdmin->handle(Object(Illuminate\\Http\\Request), Object(Closure))
#12 /Applications/MAMP/htdocs/BookingCore/app/Http/Middleware/SetCurrentCurrency.php(48): Illuminate\\Pipeline\\Pipeline->Illuminate\\Pipeline\\{closure}(Object(Illuminate\\Http\\Request))
#13 /Applications/MAMP/htdocs/BookingCore/vendor/laravel/framework/src/Illuminate/Pipeline/Pipeline.php(180): App\\Http\\Middleware\\SetCurrentCurrency->handle(Object(Illuminate\\Http\\Request), Object(Closure))
#14 /Applications/MAMP/htdocs/BookingCore/app/Http/Middleware/HideDebugbar.php(32): Illuminate\\Pipeline\\Pipeline->Illuminate\\Pipeline\\{closure}(Object(Illuminate\\Http\\Request))
#15 /Applications/MAMP/htdocs/BookingCore/vendor/laravel/framework/src/Illuminate/Pipeline/Pipeline.php(180): App\\Http\\Middleware\\HideDebugbar->handle(Object(Illuminate\\Http\\Request), Object(Closure))
#16 /Applications/MAMP/htdocs/BookingCore/app/Http/Middleware/RedirectForMultiLanguage.php(58): Illuminate\\Pipeline\\Pipeline->Illuminate\\Pipeline\\{closure}(Object(Illuminate\\Http\\Request))
#17 /Applications/MAMP/htdocs/BookingCore/vendor/laravel/framework/src/Illuminate/Pipeline/Pipeline.php(180): App\\Http\\Middleware\\RedirectForMultiLanguage->handle(Object(Illuminate\\Http\\Request), Object(Closure))
#18 /Applications/MAMP/htdocs/BookingCore/vendor/laravel/framework/src/Illuminate/Routing/Middleware/SubstituteBindings.php(50): Illuminate\\Pipeline\\Pipeline->Illuminate\\Pipeline\\{closure}(Object(Illuminate\\Http\\Request))
#19 /Applications/MAMP/htdocs/BookingCore/vendor/laravel/framework/src/Illuminate/Pipeline/Pipeline.php(180): Illuminate\\Routing\\Middleware\\SubstituteBindings->handle(Object(Illuminate\\Http\\Request), Object(Closure))
#20 /Applications/MAMP/htdocs/BookingCore/vendor/laravel/framework/src/Illuminate/Foundation/Http/Middleware/VerifyCsrfToken.php(78): Illuminate\\Pipeline\\Pipeline->Illuminate\\Pipeline\\{closure}(Object(Illuminate\\Http\\Request))
#21 /Applications/MAMP/htdocs/BookingCore/vendor/laravel/framework/src/Illuminate/Pipeline/Pipeline.php(180): Illuminate\\Foundation\\Http\\Middleware\\VerifyCsrfToken->handle(Object(Illuminate\\Http\\Request), Object(Closure))
#22 /Applications/MAMP/htdocs/BookingCore/vendor/laravel/framework/src/Illuminate/View/Middleware/ShareErrorsFromSession.php(49): Illuminate\\Pipeline\\Pipeline->Illuminate\\Pipeline\\{closure}(Object(Illuminate\\Http\\Request))
#23 /Applications/MAMP/htdocs/BookingCore/vendor/laravel/framework/src/Illuminate/Pipeline/Pipeline.php(180): Illuminate\\View\\Middleware\\ShareErrorsFromSession->handle(Object(Illuminate\\Http\\Request), Object(Closure))
#24 /Applications/MAMP/htdocs/BookingCore/vendor/laravel/framework/src/Illuminate/Session/Middleware/StartSession.php(121): Illuminate\\Pipeline\\Pipeline->Illuminate\\Pipeline\\{closure}(Object(Illuminate\\Http\\Request))
#25 /Applications/MAMP/htdocs/BookingCore/vendor/laravel/framework/src/Illuminate/Session/Middleware/StartSession.php(64): Illuminate\\Session\\Middleware\\StartSession->handleStatefulRequest(Object(Illuminate\\Http\\Request), Object(Illuminate\\Session\\Store), Object(Closure))
#26 /Applications/MAMP/htdocs/BookingCore/vendor/laravel/framework/src/Illuminate/Pipeline/Pipeline.php(180): Illuminate\\Session\\Middleware\\StartSession->handle(Object(Illuminate\\Http\\Request), Object(Closure))
#27 /Applications/MAMP/htdocs/BookingCore/vendor/laravel/framework/src/Illuminate/Cookie/Middleware/AddQueuedCookiesToResponse.php(37): Illuminate\\Pipeline\\Pipeline->Illuminate\\Pipeline\\{closure}(Object(Illuminate\\Http\\Request))
#28 /Applications/MAMP/htdocs/BookingCore/vendor/laravel/framework/src/Illuminate/Pipeline/Pipeline.php(180): Illuminate\\Cookie\\Middleware\\AddQueuedCookiesToResponse->handle(Object(Illuminate\\Http\\Request), Object(Closure))
#29 /Applications/MAMP/htdocs/BookingCore/vendor/laravel/framework/src/Illuminate/Cookie/Middleware/EncryptCookies.php(67): Illuminate\\Pipeline\\Pipeline->Illuminate\\Pipeline\\{closure}(Object(Illuminate\\Http\\Request))
#30 /Applications/MAMP/htdocs/BookingCore/vendor/laravel/framework/src/Illuminate/Pipeline/Pipeline.php(180): Illuminate\\Cookie\\Middleware\\EncryptCookies->handle(Object(Illuminate\\Http\\Request), Object(Closure))
#31 /Applications/MAMP/htdocs/BookingCore/vendor/laravel/framework/src/Illuminate/Pipeline/Pipeline.php(116): Illuminate\\Pipeline\\Pipeline->Illuminate\\Pipeline\\{closure}(Object(Illuminate\\Http\\Request))
#32 /Applications/MAMP/htdocs/BookingCore/vendor/laravel/framework/src/Illuminate/Routing/Router.php(799): Illuminate\\Pipeline\\Pipeline->then(Object(Closure))
#33 /Applications/MAMP/htdocs/BookingCore/vendor/laravel/framework/src/Illuminate/Routing/Router.php(776): Illuminate\\Routing\\Router->runRouteWithinStack(Object(Illuminate\\Routing\\Route), Object(Illuminate\\Http\\Request))
#34 /Applications/MAMP/htdocs/BookingCore/vendor/laravel/framework/src/Illuminate/Routing/Router.php(740): Illuminate\\Routing\\Router->runRoute(Object(Illuminate\\Http\\Request), Object(Illuminate\\Routing\\Route))
#35 /Applications/MAMP/htdocs/BookingCore/vendor/laravel/framework/src/Illuminate/Routing/Router.php(729): Illuminate\\Routing\\Router->dispatchToRoute(Object(Illuminate\\Http\\Request))
#36 /Applications/MAMP/htdocs/BookingCore/vendor/laravel/framework/src/Illuminate/Foundation/Http/Kernel.php(190): Illuminate\\Routing\\Router->dispatch(Object(Illuminate\\Http\\Request))
#37 /Applications/MAMP/htdocs/BookingCore/vendor/laravel/framework/src/Illuminate/Pipeline/Pipeline.php(141): Illuminate\\Foundation\\Http\\Kernel->Illuminate\\Foundation\\Http\\{closure}(Object(Illuminate\\Http\\Request))
#38 /Applications/MAMP/htdocs/BookingCore/themes/Base/Core/Middleware/RunUpdater.php(76): Illuminate\\Pipeline\\Pipeline->Illuminate\\Pipeline\\{closure}(Object(Illuminate\\Http\\Request))
#39 /Applications/MAMP/htdocs/BookingCore/vendor/laravel/framework/src/Illuminate/Pipeline/Pipeline.php(180): Themes\\Base\\Core\\Middleware\\RunUpdater->handle(Object(Illuminate\\Http\\Request), Object(Closure))
#40 /Applications/MAMP/htdocs/BookingCore/vendor/barryvdh/laravel-debugbar/src/Middleware/InjectDebugbar.php(66): Illuminate\\Pipeline\\Pipeline->Illuminate\\Pipeline\\{closure}(Object(Illuminate\\Http\\Request))
#41 /Applications/MAMP/htdocs/BookingCore/vendor/laravel/framework/src/Illuminate/Pipeline/Pipeline.php(180): Barryvdh\\Debugbar\\Middleware\\InjectDebugbar->handle(Object(Illuminate\\Http\\Request), Object(Closure))
#42 /Applications/MAMP/htdocs/BookingCore/vendor/laravel/framework/src/Illuminate/Foundation/Http/Middleware/TransformsRequest.php(21): Illuminate\\Pipeline\\Pipeline->Illuminate\\Pipeline\\{closure}(Object(Illuminate\\Http\\Request))
#43 /Applications/MAMP/htdocs/BookingCore/vendor/laravel/framework/src/Illuminate/Foundation/Http/Middleware/ConvertEmptyStringsToNull.php(31): Illuminate\\Foundation\\Http\\Middleware\\TransformsRequest->handle(Object(Illuminate\\Http\\Request), Object(Closure))
#44 /Applications/MAMP/htdocs/BookingCore/vendor/laravel/framework/src/Illuminate/Pipeline/Pipeline.php(180): Illuminate\\Foundation\\Http\\Middleware\\ConvertEmptyStringsToNull->handle(Object(Illuminate\\Http\\Request), Object(Closure))
#45 /Applications/MAMP/htdocs/BookingCore/vendor/laravel/framework/src/Illuminate/Foundation/Http/Middleware/TransformsRequest.php(21): Illuminate\\Pipeline\\Pipeline->Illuminate\\Pipeline\\{closure}(Object(Illuminate\\Http\\Request))
#46 /Applications/MAMP/htdocs/BookingCore/vendor/laravel/framework/src/Illuminate/Foundation/Http/Middleware/TrimStrings.php(40): Illuminate\\Foundation\\Http\\Middleware\\TransformsRequest->handle(Object(Illuminate\\Http\\Request), Object(Closure))
#47 /Applications/MAMP/htdocs/BookingCore/vendor/laravel/framework/src/Illuminate/Pipeline/Pipeline.php(180): Illuminate\\Foundation\\Http\\Middleware\\TrimStrings->handle(Object(Illuminate\\Http\\Request), Object(Closure))
#48 /Applications/MAMP/htdocs/BookingCore/vendor/laravel/framework/src/Illuminate/Foundation/Http/Middleware/ValidatePostSize.php(27): Illuminate\\Pipeline\\Pipeline->Illuminate\\Pipeline\\{closure}(Object(Illuminate\\Http\\Request))
#49 /Applications/MAMP/htdocs/BookingCore/vendor/laravel/framework/src/Illuminate/Pipeline/Pipeline.php(180): Illuminate\\Foundation\\Http\\Middleware\\ValidatePostSize->handle(Object(Illuminate\\Http\\Request), Object(Closure))
#50 /Applications/MAMP/htdocs/BookingCore/vendor/laravel/framework/src/Illuminate/Foundation/Http/Middleware/PreventRequestsDuringMaintenance.php(86): Illuminate\\Pipeline\\Pipeline->Illuminate\\Pipeline\\{closure}(Object(Illuminate\\Http\\Request))
#51 /Applications/MAMP/htdocs/BookingCore/vendor/laravel/framework/src/Illuminate/Pipeline/Pipeline.php(180): Illuminate\\Foundation\\Http\\Middleware\\PreventRequestsDuringMaintenance->handle(Object(Illuminate\\Http\\Request), Object(Closure))
#52 /Applications/MAMP/htdocs/BookingCore/vendor/laravel/framework/src/Illuminate/Http/Middleware/HandleCors.php(49): Illuminate\\Pipeline\\Pipeline->Illuminate\\Pipeline\\{closure}(Object(Illuminate\\Http\\Request))
#53 /Applications/MAMP/htdocs/BookingCore/vendor/laravel/framework/src/Illuminate/Pipeline/Pipeline.php(180): Illuminate\\Http\\Middleware\\HandleCors->handle(Object(Illuminate\\Http\\Request), Object(Closure))
#54 /Applications/MAMP/htdocs/BookingCore/app/Http/Middleware/RedirectToInstaller.php(40): Illuminate\\Pipeline\\Pipeline->Illuminate\\Pipeline\\{closure}(Object(Illuminate\\Http\\Request))
#55 /Applications/MAMP/htdocs/BookingCore/vendor/laravel/framework/src/Illuminate/Pipeline/Pipeline.php(180): App\\Http\\Middleware\\RedirectToInstaller->handle(Object(Illuminate\\Http\\Request), Object(Closure))
#56 /Applications/MAMP/htdocs/BookingCore/vendor/laravel/framework/src/Illuminate/Http/Middleware/TrustProxies.php(39): Illuminate\\Pipeline\\Pipeline->Illuminate\\Pipeline\\{closure}(Object(Illuminate\\Http\\Request))
#57 /Applications/MAMP/htdocs/BookingCore/vendor/laravel/framework/src/Illuminate/Pipeline/Pipeline.php(180): Illuminate\\Http\\Middleware\\TrustProxies->handle(Object(Illuminate\\Http\\Request), Object(Closure))
#58 /Applications/MAMP/htdocs/BookingCore/vendor/laravel/framework/src/Illuminate/Pipeline/Pipeline.php(116): Illuminate\\Pipeline\\Pipeline->Illuminate\\Pipeline\\{closure}(Object(Illuminate\\Http\\Request))
#59 /Applications/MAMP/htdocs/BookingCore/vendor/laravel/framework/src/Illuminate/Foundation/Http/Kernel.php(165): Illuminate\\Pipeline\\Pipeline->then(Object(Closure))
#60 /Applications/MAMP/htdocs/BookingCore/vendor/laravel/framework/src/Illuminate/Foundation/Http/Kernel.php(134): Illuminate\\Foundation\\Http\\Kernel->sendRequestThroughRouter(Object(Illuminate\\Http\\Request))
#61 /Applications/MAMP/htdocs/BookingCore/public/index.php(75): Illuminate\\Foundation\\Http\\Kernel->handle(Object(Illuminate\\Http\\Request))
#62 /Applications/MAMP/htdocs/BookingCore/server.php(21): require_once('/Applications/M...')
#63 {main}
"} 
[2024-01-28 13:03:41] local.ERROR: Undefined array key "amount" {"exception":"[object] (ErrorException(code: 0): Undefined array key \"amount\" at /Applications/MAMP/htdocs/BookingCore/modules/Booking/Controllers/BookingController.php:697)
[stacktrace]
#0 /Applications/MAMP/htdocs/BookingCore/vendor/laravel/framework/src/Illuminate/Foundation/Bootstrap/HandleExceptions.php(270): Illuminate\\Foundation\\Bootstrap\\HandleExceptions->handleError(2, 'Undefined array...', '/Applications/M...', 697)
#1 /Applications/MAMP/htdocs/BookingCore/modules/Booking/Controllers/BookingController.php(697): Illuminate\\Foundation\\Bootstrap\\HandleExceptions->Illuminate\\Foundation\\Bootstrap\\{closure}(2, 'Undefined array...', '/Applications/M...', 697)
#2 /Applications/MAMP/htdocs/BookingCore/vendor/laravel/framework/src/Illuminate/Routing/Controller.php(54): Modules\\Booking\\Controllers\\BookingController->peachCheckout(Object(Illuminate\\Http\\Request))
#3 /Applications/MAMP/htdocs/BookingCore/vendor/laravel/framework/src/Illuminate/Routing/ControllerDispatcher.php(43): Illuminate\\Routing\\Controller->callAction('peachCheckout', Array)
#4 /Applications/MAMP/htdocs/BookingCore/vendor/laravel/framework/src/Illuminate/Routing/Route.php(260): Illuminate\\Routing\\ControllerDispatcher->dispatch(Object(Illuminate\\Routing\\Route), Object(Modules\\Booking\\Controllers\\BookingController), 'peachCheckout')
#5 /Applications/MAMP/htdocs/BookingCore/vendor/laravel/framework/src/Illuminate/Routing/Route.php(205): Illuminate\\Routing\\Route->runController()
#6 /Applications/MAMP/htdocs/BookingCore/vendor/laravel/framework/src/Illuminate/Routing/Router.php(798): Illuminate\\Routing\\Route->run()
#7 /Applications/MAMP/htdocs/BookingCore/vendor/laravel/framework/src/Illuminate/Pipeline/Pipeline.php(141): Illuminate\\Routing\\Router->Illuminate\\Routing\\{closure}(Object(Illuminate\\Http\\Request))
#8 /Applications/MAMP/htdocs/BookingCore/app/Http/Middleware/RequireChangePassword.php(41): Illuminate\\Pipeline\\Pipeline->Illuminate\\Pipeline\\{closure}(Object(Illuminate\\Http\\Request))
#9 /Applications/MAMP/htdocs/BookingCore/vendor/laravel/framework/src/Illuminate/Pipeline/Pipeline.php(180): App\\Http\\Middleware\\RequireChangePassword->handle(Object(Illuminate\\Http\\Request), Object(Closure))
#10 /Applications/MAMP/htdocs/BookingCore/app/Http/Middleware/SetLanguageForAdmin.php(37): Illuminate\\Pipeline\\Pipeline->Illuminate\\Pipeline\\{closure}(Object(Illuminate\\Http\\Request))
#11 /Applications/MAMP/htdocs/BookingCore/vendor/laravel/framework/src/Illuminate/Pipeline/Pipeline.php(180): App\\Http\\Middleware\\SetLanguageForAdmin->handle(Object(Illuminate\\Http\\Request), Object(Closure))
#12 /Applications/MAMP/htdocs/BookingCore/app/Http/Middleware/SetCurrentCurrency.php(48): Illuminate\\Pipeline\\Pipeline->Illuminate\\Pipeline\\{closure}(Object(Illuminate\\Http\\Request))
#13 /Applications/MAMP/htdocs/BookingCore/vendor/laravel/framework/src/Illuminate/Pipeline/Pipeline.php(180): App\\Http\\Middleware\\SetCurrentCurrency->handle(Object(Illuminate\\Http\\Request), Object(Closure))
#14 /Applications/MAMP/htdocs/BookingCore/app/Http/Middleware/HideDebugbar.php(32): Illuminate\\Pipeline\\Pipeline->Illuminate\\Pipeline\\{closure}(Object(Illuminate\\Http\\Request))
#15 /Applications/MAMP/htdocs/BookingCore/vendor/laravel/framework/src/Illuminate/Pipeline/Pipeline.php(180): App\\Http\\Middleware\\HideDebugbar->handle(Object(Illuminate\\Http\\Request), Object(Closure))
#16 /Applications/MAMP/htdocs/BookingCore/app/Http/Middleware/RedirectForMultiLanguage.php(58): Illuminate\\Pipeline\\Pipeline->Illuminate\\Pipeline\\{closure}(Object(Illuminate\\Http\\Request))
#17 /Applications/MAMP/htdocs/BookingCore/vendor/laravel/framework/src/Illuminate/Pipeline/Pipeline.php(180): App\\Http\\Middleware\\RedirectForMultiLanguage->handle(Object(Illuminate\\Http\\Request), Object(Closure))
#18 /Applications/MAMP/htdocs/BookingCore/vendor/laravel/framework/src/Illuminate/Routing/Middleware/SubstituteBindings.php(50): Illuminate\\Pipeline\\Pipeline->Illuminate\\Pipeline\\{closure}(Object(Illuminate\\Http\\Request))
#19 /Applications/MAMP/htdocs/BookingCore/vendor/laravel/framework/src/Illuminate/Pipeline/Pipeline.php(180): Illuminate\\Routing\\Middleware\\SubstituteBindings->handle(Object(Illuminate\\Http\\Request), Object(Closure))
#20 /Applications/MAMP/htdocs/BookingCore/vendor/laravel/framework/src/Illuminate/Foundation/Http/Middleware/VerifyCsrfToken.php(78): Illuminate\\Pipeline\\Pipeline->Illuminate\\Pipeline\\{closure}(Object(Illuminate\\Http\\Request))
#21 /Applications/MAMP/htdocs/BookingCore/vendor/laravel/framework/src/Illuminate/Pipeline/Pipeline.php(180): Illuminate\\Foundation\\Http\\Middleware\\VerifyCsrfToken->handle(Object(Illuminate\\Http\\Request), Object(Closure))
#22 /Applications/MAMP/htdocs/BookingCore/vendor/laravel/framework/src/Illuminate/View/Middleware/ShareErrorsFromSession.php(49): Illuminate\\Pipeline\\Pipeline->Illuminate\\Pipeline\\{closure}(Object(Illuminate\\Http\\Request))
#23 /Applications/MAMP/htdocs/BookingCore/vendor/laravel/framework/src/Illuminate/Pipeline/Pipeline.php(180): Illuminate\\View\\Middleware\\ShareErrorsFromSession->handle(Object(Illuminate\\Http\\Request), Object(Closure))
#24 /Applications/MAMP/htdocs/BookingCore/vendor/laravel/framework/src/Illuminate/Session/Middleware/StartSession.php(121): Illuminate\\Pipeline\\Pipeline->Illuminate\\Pipeline\\{closure}(Object(Illuminate\\Http\\Request))
#25 /Applications/MAMP/htdocs/BookingCore/vendor/laravel/framework/src/Illuminate/Session/Middleware/StartSession.php(64): Illuminate\\Session\\Middleware\\StartSession->handleStatefulRequest(Object(Illuminate\\Http\\Request), Object(Illuminate\\Session\\Store), Object(Closure))
#26 /Applications/MAMP/htdocs/BookingCore/vendor/laravel/framework/src/Illuminate/Pipeline/Pipeline.php(180): Illuminate\\Session\\Middleware\\StartSession->handle(Object(Illuminate\\Http\\Request), Object(Closure))
#27 /Applications/MAMP/htdocs/BookingCore/vendor/laravel/framework/src/Illuminate/Cookie/Middleware/AddQueuedCookiesToResponse.php(37): Illuminate\\Pipeline\\Pipeline->Illuminate\\Pipeline\\{closure}(Object(Illuminate\\Http\\Request))
#28 /Applications/MAMP/htdocs/BookingCore/vendor/laravel/framework/src/Illuminate/Pipeline/Pipeline.php(180): Illuminate\\Cookie\\Middleware\\AddQueuedCookiesToResponse->handle(Object(Illuminate\\Http\\Request), Object(Closure))
#29 /Applications/MAMP/htdocs/BookingCore/vendor/laravel/framework/src/Illuminate/Cookie/Middleware/EncryptCookies.php(67): Illuminate\\Pipeline\\Pipeline->Illuminate\\Pipeline\\{closure}(Object(Illuminate\\Http\\Request))
#30 /Applications/MAMP/htdocs/BookingCore/vendor/laravel/framework/src/Illuminate/Pipeline/Pipeline.php(180): Illuminate\\Cookie\\Middleware\\EncryptCookies->handle(Object(Illuminate\\Http\\Request), Object(Closure))
#31 /Applications/MAMP/htdocs/BookingCore/vendor/laravel/framework/src/Illuminate/Pipeline/Pipeline.php(116): Illuminate\\Pipeline\\Pipeline->Illuminate\\Pipeline\\{closure}(Object(Illuminate\\Http\\Request))
#32 /Applications/MAMP/htdocs/BookingCore/vendor/laravel/framework/src/Illuminate/Routing/Router.php(799): Illuminate\\Pipeline\\Pipeline->then(Object(Closure))
#33 /Applications/MAMP/htdocs/BookingCore/vendor/laravel/framework/src/Illuminate/Routing/Router.php(776): Illuminate\\Routing\\Router->runRouteWithinStack(Object(Illuminate\\Routing\\Route), Object(Illuminate\\Http\\Request))
#34 /Applications/MAMP/htdocs/BookingCore/vendor/laravel/framework/src/Illuminate/Routing/Router.php(740): Illuminate\\Routing\\Router->runRoute(Object(Illuminate\\Http\\Request), Object(Illuminate\\Routing\\Route))
#35 /Applications/MAMP/htdocs/BookingCore/vendor/laravel/framework/src/Illuminate/Routing/Router.php(729): Illuminate\\Routing\\Router->dispatchToRoute(Object(Illuminate\\Http\\Request))
#36 /Applications/MAMP/htdocs/BookingCore/vendor/laravel/framework/src/Illuminate/Foundation/Http/Kernel.php(190): Illuminate\\Routing\\Router->dispatch(Object(Illuminate\\Http\\Request))
#37 /Applications/MAMP/htdocs/BookingCore/vendor/laravel/framework/src/Illuminate/Pipeline/Pipeline.php(141): Illuminate\\Foundation\\Http\\Kernel->Illuminate\\Foundation\\Http\\{closure}(Object(Illuminate\\Http\\Request))
#38 /Applications/MAMP/htdocs/BookingCore/themes/Base/Core/Middleware/RunUpdater.php(76): Illuminate\\Pipeline\\Pipeline->Illuminate\\Pipeline\\{closure}(Object(Illuminate\\Http\\Request))
#39 /Applications/MAMP/htdocs/BookingCore/vendor/laravel/framework/src/Illuminate/Pipeline/Pipeline.php(180): Themes\\Base\\Core\\Middleware\\RunUpdater->handle(Object(Illuminate\\Http\\Request), Object(Closure))
#40 /Applications/MAMP/htdocs/BookingCore/vendor/barryvdh/laravel-debugbar/src/Middleware/InjectDebugbar.php(66): Illuminate\\Pipeline\\Pipeline->Illuminate\\Pipeline\\{closure}(Object(Illuminate\\Http\\Request))
#41 /Applications/MAMP/htdocs/BookingCore/vendor/laravel/framework/src/Illuminate/Pipeline/Pipeline.php(180): Barryvdh\\Debugbar\\Middleware\\InjectDebugbar->handle(Object(Illuminate\\Http\\Request), Object(Closure))
#42 /Applications/MAMP/htdocs/BookingCore/vendor/laravel/framework/src/Illuminate/Foundation/Http/Middleware/TransformsRequest.php(21): Illuminate\\Pipeline\\Pipeline->Illuminate\\Pipeline\\{closure}(Object(Illuminate\\Http\\Request))
#43 /Applications/MAMP/htdocs/BookingCore/vendor/laravel/framework/src/Illuminate/Foundation/Http/Middleware/ConvertEmptyStringsToNull.php(31): Illuminate\\Foundation\\Http\\Middleware\\TransformsRequest->handle(Object(Illuminate\\Http\\Request), Object(Closure))
#44 /Applications/MAMP/htdocs/BookingCore/vendor/laravel/framework/src/Illuminate/Pipeline/Pipeline.php(180): Illuminate\\Foundation\\Http\\Middleware\\ConvertEmptyStringsToNull->handle(Object(Illuminate\\Http\\Request), Object(Closure))
#45 /Applications/MAMP/htdocs/BookingCore/vendor/laravel/framework/src/Illuminate/Foundation/Http/Middleware/TransformsRequest.php(21): Illuminate\\Pipeline\\Pipeline->Illuminate\\Pipeline\\{closure}(Object(Illuminate\\Http\\Request))
#46 /Applications/MAMP/htdocs/BookingCore/vendor/laravel/framework/src/Illuminate/Foundation/Http/Middleware/TrimStrings.php(40): Illuminate\\Foundation\\Http\\Middleware\\TransformsRequest->handle(Object(Illuminate\\Http\\Request), Object(Closure))
#47 /Applications/MAMP/htdocs/BookingCore/vendor/laravel/framework/src/Illuminate/Pipeline/Pipeline.php(180): Illuminate\\Foundation\\Http\\Middleware\\TrimStrings->handle(Object(Illuminate\\Http\\Request), Object(Closure))
#48 /Applications/MAMP/htdocs/BookingCore/vendor/laravel/framework/src/Illuminate/Foundation/Http/Middleware/ValidatePostSize.php(27): Illuminate\\Pipeline\\Pipeline->Illuminate\\Pipeline\\{closure}(Object(Illuminate\\Http\\Request))
#49 /Applications/MAMP/htdocs/BookingCore/vendor/laravel/framework/src/Illuminate/Pipeline/Pipeline.php(180): Illuminate\\Foundation\\Http\\Middleware\\ValidatePostSize->handle(Object(Illuminate\\Http\\Request), Object(Closure))
#50 /Applications/MAMP/htdocs/BookingCore/vendor/laravel/framework/src/Illuminate/Foundation/Http/Middleware/PreventRequestsDuringMaintenance.php(86): Illuminate\\Pipeline\\Pipeline->Illuminate\\Pipeline\\{closure}(Object(Illuminate\\Http\\Request))
#51 /Applications/MAMP/htdocs/BookingCore/vendor/laravel/framework/src/Illuminate/Pipeline/Pipeline.php(180): Illuminate\\Foundation\\Http\\Middleware\\PreventRequestsDuringMaintenance->handle(Object(Illuminate\\Http\\Request), Object(Closure))
#52 /Applications/MAMP/htdocs/BookingCore/vendor/laravel/framework/src/Illuminate/Http/Middleware/HandleCors.php(49): Illuminate\\Pipeline\\Pipeline->Illuminate\\Pipeline\\{closure}(Object(Illuminate\\Http\\Request))
#53 /Applications/MAMP/htdocs/BookingCore/vendor/laravel/framework/src/Illuminate/Pipeline/Pipeline.php(180): Illuminate\\Http\\Middleware\\HandleCors->handle(Object(Illuminate\\Http\\Request), Object(Closure))
#54 /Applications/MAMP/htdocs/BookingCore/app/Http/Middleware/RedirectToInstaller.php(40): Illuminate\\Pipeline\\Pipeline->Illuminate\\Pipeline\\{closure}(Object(Illuminate\\Http\\Request))
#55 /Applications/MAMP/htdocs/BookingCore/vendor/laravel/framework/src/Illuminate/Pipeline/Pipeline.php(180): App\\Http\\Middleware\\RedirectToInstaller->handle(Object(Illuminate\\Http\\Request), Object(Closure))
#56 /Applications/MAMP/htdocs/BookingCore/vendor/laravel/framework/src/Illuminate/Http/Middleware/TrustProxies.php(39): Illuminate\\Pipeline\\Pipeline->Illuminate\\Pipeline\\{closure}(Object(Illuminate\\Http\\Request))
#57 /Applications/MAMP/htdocs/BookingCore/vendor/laravel/framework/src/Illuminate/Pipeline/Pipeline.php(180): Illuminate\\Http\\Middleware\\TrustProxies->handle(Object(Illuminate\\Http\\Request), Object(Closure))
#58 /Applications/MAMP/htdocs/BookingCore/vendor/laravel/framework/src/Illuminate/Pipeline/Pipeline.php(116): Illuminate\\Pipeline\\Pipeline->Illuminate\\Pipeline\\{closure}(Object(Illuminate\\Http\\Request))
#59 /Applications/MAMP/htdocs/BookingCore/vendor/laravel/framework/src/Illuminate/Foundation/Http/Kernel.php(165): Illuminate\\Pipeline\\Pipeline->then(Object(Closure))
#60 /Applications/MAMP/htdocs/BookingCore/vendor/laravel/framework/src/Illuminate/Foundation/Http/Kernel.php(134): Illuminate\\Foundation\\Http\\Kernel->sendRequestThroughRouter(Object(Illuminate\\Http\\Request))
#61 /Applications/MAMP/htdocs/BookingCore/public/index.php(75): Illuminate\\Foundation\\Http\\Kernel->handle(Object(Illuminate\\Http\\Request))
#62 /Applications/MAMP/htdocs/BookingCore/server.php(21): require_once('/Applications/M...')
#63 {main}
"} 
